config,structure,algebra,n,q,distribution,variant,run,build_ms,query_ms,checksum,peak_rss_kib
gcc-release,linear,min,500000,500000,random,before,0,6.42871,16.9342,18090683972228591405,20320
gcc-release,linear,min,500000,500000,random,after,0,5.48775,11.3652,18090683972228591405,18504
gcc-release,linear,min,500000,500000,random,after,1,5.47623,12.2191,18090683972228591405,18504
gcc-release,linear,min,500000,500000,random,before,1,6.43619,16.0523,18090683972228591405,20364
gcc-release,linear,min,500000,500000,random,before,2,6.2585,17.4092,18090683972228591405,20608
gcc-release,linear,min,500000,500000,random,after,2,5.31814,11.9465,18090683972228591405,18488
gcc-release,linear,min,500000,500000,random,after,3,5.45474,11.7438,18090683972228591405,18536
gcc-release,linear,min,500000,500000,random,before,3,5.9791,16.8099,18090683972228591405,20372
gcc-release,linear,min,500000,500000,random,before,4,6.76851,15.6251,18090683972228591405,20376
gcc-release,linear,min,500000,500000,random,after,4,5.40051,11.6437,18090683972228591405,18572
gcc-release,linear,min,500000,500000,random,after,5,6.08032,12.7384,18090683972228591405,18612
gcc-release,linear,min,500000,500000,random,before,5,5.99011,15.1479,18090683972228591405,20388
gcc-release,linear,min,500000,500000,short,before,0,6.03599,8.9962,5444751125772734940,20372
gcc-release,linear,min,500000,500000,short,after,0,5.47113,4.169,5444751125772734940,18604
gcc-release,linear,min,500000,500000,short,after,1,5.37141,3.52432,5444751125772734940,18512
gcc-release,linear,min,500000,500000,short,before,1,6.53746,8.67043,5444751125772734940,20604
gcc-release,linear,min,500000,500000,short,before,2,6.12923,8.82425,5444751125772734940,20524
gcc-release,linear,min,500000,500000,short,after,2,5.52742,4.15089,5444751125772734940,18560
gcc-release,linear,min,500000,500000,short,after,3,5.43178,3.88937,5444751125772734940,18532
gcc-release,linear,min,500000,500000,short,before,3,6.35743,8.98278,5444751125772734940,20408
gcc-release,linear,min,500000,500000,short,before,4,5.98022,8.57367,5444751125772734940,20488
gcc-release,linear,min,500000,500000,short,after,4,5.88042,4.1875,5444751125772734940,18516
gcc-release,linear,min,500000,500000,short,after,5,5.43408,3.96007,5444751125772734940,18612
gcc-release,linear,min,500000,500000,short,before,5,6.41268,8.69084,5444751125772734940,20496
gcc-release,linear,min,500000,500000,equal,before,0,3.91997,9.70533,3454424156253527828,20480
gcc-release,linear,min,500000,500000,equal,after,0,3.23933,7.36327,3454424156253527828,18560
gcc-release,linear,min,500000,500000,equal,after,1,3.27322,7.56525,3454424156253527828,18532
gcc-release,linear,min,500000,500000,equal,before,1,3.71511,8.16801,3454424156253527828,20344
gcc-release,linear,min,500000,500000,equal,before,2,3.74367,8.44424,3454424156253527828,20344
gcc-release,linear,min,500000,500000,equal,after,2,3.40907,8.1799,3454424156253527828,18516
gcc-release,linear,min,500000,500000,equal,after,3,3.12582,7.42238,3454424156253527828,18532
gcc-release,linear,min,500000,500000,equal,before,3,3.99986,8.28775,3454424156253527828,20448
gcc-release,linear,min,500000,500000,equal,before,4,3.75177,8.5547,3454424156253527828,20376
gcc-release,linear,min,500000,500000,equal,after,4,3.07824,7.67082,3454424156253527828,18512
gcc-release,linear,min,500000,500000,equal,after,5,3.2264,7.9769,3454424156253527828,18544
gcc-release,linear,min,500000,500000,equal,before,5,4.12137,9.3285,3454424156253527828,20448
gcc-release,linear,min,500000,500000,ascending,before,0,3.79527,9.76406,3454424156253527828,20332
gcc-release,linear,min,500000,500000,ascending,after,0,3.94446,9.05081,3454424156253527828,18560
gcc-release,linear,min,500000,500000,ascending,after,1,3.58282,9.0131,3454424156253527828,18496
gcc-release,linear,min,500000,500000,ascending,before,1,4.16399,10.3248,3454424156253527828,20432
gcc-release,linear,min,500000,500000,ascending,before,2,3.77346,9.34701,3454424156253527828,20404
gcc-release,linear,min,500000,500000,ascending,after,2,3.59883,8.81262,3454424156253527828,18496
gcc-release,linear,min,500000,500000,ascending,after,3,3.62896,8.91139,3454424156253527828,18492
gcc-release,linear,min,500000,500000,ascending,before,3,4.61013,9.72053,3454424156253527828,20404
gcc-release,linear,min,500000,500000,ascending,before,4,3.85106,9.42046,3454424156253527828,20424
gcc-release,linear,min,500000,500000,ascending,after,4,3.56749,8.64027,3454424156253527828,18536
gcc-release,linear,min,500000,500000,ascending,after,5,3.29435,8.71335,3454424156253527828,18452
gcc-release,linear,min,500000,500000,ascending,before,5,3.95837,11.0205,3454424156253527828,20364
gcc-release,linear,min,500000,500000,descending,before,0,4.16604,9.88748,17269065117241543990,20412
gcc-release,linear,min,500000,500000,descending,after,0,3.42047,8.45564,17269065117241543990,18436
gcc-release,linear,min,500000,500000,descending,after,1,3.33948,8.27142,17269065117241543990,18496
gcc-release,linear,min,500000,500000,descending,before,1,3.87682,9.92865,17269065117241543990,20416
gcc-release,linear,min,500000,500000,descending,before,2,4.27742,10.3691,17269065117241543990,20608
gcc-release,linear,min,500000,500000,descending,after,2,3.59941,9.07472,17269065117241543990,18500
gcc-release,linear,min,500000,500000,descending,after,3,3.46641,8.77172,17269065117241543990,18492
gcc-release,linear,min,500000,500000,descending,before,3,4.14294,10.3068,17269065117241543990,20364
gcc-release,linear,min,500000,500000,descending,before,4,4.10248,10.2121,17269065117241543990,20452
gcc-release,linear,min,500000,500000,descending,after,4,3.51836,8.52779,17269065117241543990,18536
gcc-release,linear,min,500000,500000,descending,after,5,3.63561,8.80435,17269065117241543990,18520
gcc-release,linear,min,500000,500000,descending,before,5,4.17831,10.2125,17269065117241543990,20608
gcc-release,sqrt,min,500000,500000,random,before,0,28.989,6.8296,14290619282437651446,82324
gcc-release,sqrt,min,500000,500000,random,after,0,14.0687,6.56325,14290619282437651446,66276
gcc-release,sqrt,min,500000,500000,random,after,1,13.7189,6.88717,14290619282437651446,66304
gcc-release,sqrt,min,500000,500000,random,before,1,19.2631,9.50665,14290619282437651446,80372
gcc-release,sqrt,min,500000,500000,random,before,2,17.8508,7.55427,14290619282437651446,80448
gcc-release,sqrt,min,500000,500000,random,after,2,14.7365,7.33621,14290619282437651446,66292
gcc-release,sqrt,min,500000,500000,random,after,3,14.4014,6.58619,14290619282437651446,66328
gcc-release,sqrt,min,500000,500000,random,before,3,18.3605,7.05539,14290619282437651446,82332
gcc-release,sqrt,min,500000,500000,random,before,4,17.9558,6.63944,14290619282437651446,82188
gcc-release,sqrt,min,500000,500000,random,after,4,13.7223,6.74624,14290619282437651446,66260
gcc-release,sqrt,min,500000,500000,random,after,5,13.9664,6.94145,14290619282437651446,66372
gcc-release,sqrt,min,500000,500000,random,before,5,17.2119,6.59633,14290619282437651446,80444
gcc-release,sqrt,min,500000,500000,short,before,0,18.1048,8.9717,8297229813448507998,80968
gcc-release,sqrt,min,500000,500000,short,after,0,14.6486,8.71394,8297229813448507998,66244
gcc-release,sqrt,min,500000,500000,short,after,1,13.0377,7.90985,8297229813448507998,66292
gcc-release,sqrt,min,500000,500000,short,before,1,17.6711,8.19062,8297229813448507998,82488
gcc-release,sqrt,min,500000,500000,short,before,2,17.5099,8.62716,8297229813448507998,82252
gcc-release,sqrt,min,500000,500000,short,after,2,13.0618,7.62511,8297229813448507998,66268
gcc-release,sqrt,min,500000,500000,short,after,3,12.9982,8.38283,8297229813448507998,66372
gcc-release,sqrt,min,500000,500000,short,before,3,18.8389,9.04988,8297229813448507998,81628
gcc-release,sqrt,min,500000,500000,short,before,4,18.793,9.76012,8297229813448507998,81196
gcc-release,sqrt,min,500000,500000,short,after,4,14.7335,9.31418,8297229813448507998,66140
gcc-release,sqrt,min,500000,500000,short,after,5,14.2721,9.79898,8297229813448507998,66136
gcc-release,sqrt,min,500000,500000,short,before,5,19.4941,9.96586,8297229813448507998,80572
gcc-release,sqrt,min,500000,100,random,before,0,18.2267,0.006184,6510695206153870241,77012
gcc-release,sqrt,min,500000,100,random,after,0,14.2742,0.005542,6510695206153870241,62480
gcc-release,sqrt,min,500000,100,random,after,1,14.4522,0.007202,6510695206153870241,62340
gcc-release,sqrt,min,500000,100,random,before,1,18.9449,0.00657,6510695206153870241,77008
gcc-release,sqrt,min,500000,100,random,before,2,18.5544,0.006024,6510695206153870241,77140
gcc-release,sqrt,min,500000,100,random,after,2,15.2317,0.008031,6510695206153870241,62380
gcc-release,sqrt,min,500000,100,random,after,3,14.0909,0.006422,6510695206153870241,62356
gcc-release,sqrt,min,500000,100,random,before,3,18.4721,0.006284,6510695206153870241,78408
gcc-release,sqrt,min,500000,100,random,before,4,18.8423,0.00613,6510695206153870241,77392
gcc-release,sqrt,min,500000,100,random,after,4,14.7745,0.00626,6510695206153870241,62360
gcc-release,sqrt,min,500000,100,random,after,5,14.1066,0.005984,6510695206153870241,62360
gcc-release,sqrt,min,500000,100,random,before,5,18.7532,0.006696,6510695206153870241,77452
gcc-release,sqrt,sum,500000,500000,random,before,0,17.8532,6.42085,17032039528712304763,80684
gcc-release,sqrt,sum,500000,500000,random,after,0,14.3122,6.33477,17032039528712304763,66296
gcc-release,sqrt,sum,500000,500000,random,after,1,14.1254,6.22899,17032039528712304763,66300
gcc-release,sqrt,sum,500000,500000,random,before,1,17.757,6.2644,17032039528712304763,80984
gcc-release,sqrt,sum,500000,500000,random,before,2,17.606,6.36409,17032039528712304763,80856
gcc-release,sqrt,sum,500000,500000,random,after,2,14.2748,6.00996,17032039528712304763,66264
gcc-release,sqrt,sum,500000,500000,random,after,3,19.2039,6.26053,17032039528712304763,66204
gcc-release,sqrt,sum,500000,500000,random,before,3,20.2113,6.35754,17032039528712304763,82268
gcc-release,sqrt,sum,500000,500000,random,before,4,19.6402,8.49222,17032039528712304763,82012
gcc-release,sqrt,sum,500000,500000,random,after,4,15.8311,6.12457,17032039528712304763,66264
gcc-release,sqrt,sum,500000,500000,random,after,5,15.6144,7.49376,17032039528712304763,66372
gcc-release,sqrt,sum,500000,500000,random,before,5,19.3296,18.6434,17032039528712304763,82124
gcc-release,sqrt,sum,500000,500000,short,before,0,17.7101,8.51243,9280008034577550675,80916
gcc-release,sqrt,sum,500000,500000,short,after,0,14.3019,9.1533,9280008034577550675,66376
gcc-release,sqrt,sum,500000,500000,short,after,1,14.3181,8.84385,9280008034577550675,66324
gcc-release,sqrt,sum,500000,500000,short,before,1,17.1325,8.4697,9280008034577550675,80472
gcc-release,sqrt,sum,500000,500000,short,before,2,18.849,9.24812,9280008034577550675,82004
gcc-release,sqrt,sum,500000,500000,short,after,2,14.3782,8.63049,9280008034577550675,66276
gcc-release,sqrt,sum,500000,500000,short,after,3,14.5343,8.71027,9280008034577550675,66300
gcc-release,sqrt,sum,500000,500000,short,before,3,17.9375,8.4879,9280008034577550675,81540
gcc-release,sqrt,sum,500000,500000,short,before,4,18.857,8.93038,9280008034577550675,81776
gcc-release,sqrt,sum,500000,500000,short,after,4,23.5664,19.276,9280008034577550675,66236
gcc-release,sqrt,sum,500000,500000,short,after,5,20.9916,20.1599,9280008034577550675,66204
gcc-release,sqrt,sum,500000,500000,short,before,5,26.0974,17.2647,9280008034577550675,80708
gcc-release,sqrt,sum,500000,100,random,before,0,18.762,0.030007,1600832139740968335,78224
gcc-release,sqrt,sum,500000,100,random,after,0,25.4937,0.007177,1600832139740968335,62368
gcc-release,sqrt,sum,500000,100,random,after,1,29.3223,0.007133,1600832139740968335,62404
gcc-release,sqrt,sum,500000,100,random,before,1,31.7827,0.008261,1600832139740968335,78036
gcc-release,sqrt,sum,500000,100,random,before,2,23.9142,0.006819,1600832139740968335,78360
gcc-release,sqrt,sum,500000,100,random,after,2,14.9646,0.008645,1600832139740968335,62412
gcc-release,sqrt,sum,500000,100,random,after,3,13.9525,0.00971,1600832139740968335,62404
gcc-release,sqrt,sum,500000,100,random,before,3,21.8201,0.008543,1600832139740968335,77712
gcc-release,sqrt,sum,500000,100,random,before,4,27.2832,0.007552,1600832139740968335,78156
gcc-release,sqrt,sum,500000,100,random,after,4,26.2696,0.005711,1600832139740968335,62360
gcc-release,sqrt,sum,500000,100,random,after,5,16.5323,0.006373,1600832139740968335,62404
gcc-release,sqrt,sum,500000,100,random,before,5,21.7097,0.006679,1600832139740968335,77716
gcc-release,sqrt,affine,500000,500000,random,before,0,52.1518,14.364,11025557265200150944,158456
gcc-release,sqrt,affine,500000,500000,random,after,0,28.0917,13.5043,11025557265200150944,129484
gcc-release,sqrt,affine,500000,500000,random,after,1,28.6312,14.8825,11025557265200150944,129456
gcc-release,sqrt,affine,500000,500000,random,before,1,41.2959,16.9019,11025557265200150944,159552
gcc-release,sqrt,affine,500000,500000,random,before,2,36.7203,14.1047,11025557265200150944,159224
gcc-release,sqrt,affine,500000,500000,random,after,2,28.606,14.3006,11025557265200150944,129416
gcc-release,sqrt,affine,500000,500000,random,after,3,30.2351,16.0178,11025557265200150944,129340
gcc-release,sqrt,affine,500000,500000,random,before,3,51.3549,14.1536,11025557265200150944,158028
gcc-release,sqrt,affine,500000,500000,random,before,4,38.3913,14.2397,11025557265200150944,159308
gcc-release,sqrt,affine,500000,500000,random,after,4,28.6806,14.3634,11025557265200150944,129420
gcc-release,sqrt,affine,500000,500000,random,after,5,29.5917,14.7534,11025557265200150944,129440
gcc-release,sqrt,affine,500000,500000,random,before,5,39.0175,15.0598,11025557265200150944,158344
gcc-release,sqrt,affine,500000,500000,short,before,0,37.8066,13.6606,17278716764487211200,158860
gcc-release,sqrt,affine,500000,500000,short,after,0,29.0395,13.2116,17278716764487211200,129428
gcc-release,sqrt,affine,500000,500000,short,after,1,29.7305,13.4478,17278716764487211200,129364
gcc-release,sqrt,affine,500000,500000,short,before,1,36.8971,13.6162,17278716764487211200,157844
gcc-release,sqrt,affine,500000,500000,short,before,2,38.4907,13.2726,17278716764487211200,158472
gcc-release,sqrt,affine,500000,500000,short,after,2,27.3888,13.817,17278716764487211200,129460
gcc-release,sqrt,affine,500000,500000,short,after,3,25.6176,12.7804,17278716764487211200,129536
gcc-release,sqrt,affine,500000,500000,short,before,3,35.0161,12.9162,17278716764487211200,159424
gcc-release,sqrt,affine,500000,500000,short,before,4,36.9218,12.7909,17278716764487211200,158856
gcc-release,sqrt,affine,500000,500000,short,after,4,27.8472,13.9798,17278716764487211200,129412
gcc-release,sqrt,affine,500000,500000,short,after,5,27.5819,12.7595,17278716764487211200,129104
gcc-release,sqrt,affine,500000,500000,short,before,5,37.3292,13.0824,17278716764487211200,158348
gcc-release,sqrt,affine,500000,100,random,before,0,36.5509,0.008006,17756240319959167362,154364
gcc-release,sqrt,affine,500000,100,random,after,0,30.3521,0.012258,17756240319959167362,125532
gcc-release,sqrt,affine,500000,100,random,after,1,30.3874,0.006947,17756240319959167362,125524
gcc-release,sqrt,affine,500000,100,random,before,1,36.1902,0.007549,17756240319959167362,154420
gcc-release,sqrt,affine,500000,100,random,before,2,37.8763,0.007376,17756240319959167362,154116
gcc-release,sqrt,affine,500000,100,random,after,2,30.3906,0.006167,17756240319959167362,125548
gcc-release,sqrt,affine,500000,100,random,after,3,29.0117,0.014683,17756240319959167362,125568
gcc-release,sqrt,affine,500000,100,random,before,3,38.5188,0.007839,17756240319959167362,154540
gcc-release,sqrt,affine,500000,100,random,before,4,40.9686,0.008069,17756240319959167362,154756
gcc-release,sqrt,affine,500000,100,random,after,4,31.5169,0.007779,17756240319959167362,125380
gcc-release,sqrt,affine,500000,100,random,after,5,57.5724,0.009218,17756240319959167362,125300
gcc-release,sqrt,affine,500000,100,random,before,5,62.0247,0.008952,17756240319959167362,154756
gcc-release,sqrt,matrix,500000,500000,random,before,0,96.5925,23.5067,12536137626927728898,304420
gcc-release,sqrt,matrix,500000,500000,random,after,0,54.213,23.1299,12536137626927728898,247828
gcc-release,sqrt,matrix,500000,500000,random,after,1,53.6961,23.3996,12536137626927728898,248020
gcc-release,sqrt,matrix,500000,500000,random,before,1,65.1643,23.4906,12536137626927728898,305012
gcc-release,sqrt,matrix,500000,500000,random,before,2,63.7435,23.6195,12536137626927728898,304724
gcc-release,sqrt,matrix,500000,500000,random,after,2,53.7312,25.0247,12536137626927728898,247652
gcc-release,sqrt,matrix,500000,500000,random,after,3,52.5003,23.7445,12536137626927728898,247992
gcc-release,sqrt,matrix,500000,500000,random,before,3,67.0349,25.2523,12536137626927728898,305684
gcc-release,sqrt,matrix,500000,500000,random,before,4,63.2158,23.5703,12536137626927728898,305276
gcc-release,sqrt,matrix,500000,500000,random,after,4,52.069,23.6496,12536137626927728898,247744
gcc-release,sqrt,matrix,500000,500000,random,after,5,51.2727,23.4312,12536137626927728898,248052
gcc-release,sqrt,matrix,500000,500000,random,before,5,65.2421,23.9847,12536137626927728898,305092
gcc-release,sqrt,matrix,500000,500000,short,before,0,65.7154,19.4502,16579006819884432526,304968
gcc-release,sqrt,matrix,500000,500000,short,after,0,52.011,19.8234,16579006819884432526,247708
gcc-release,sqrt,matrix,500000,500000,short,after,1,53.2942,20.182,16579006819884432526,248104
gcc-release,sqrt,matrix,500000,500000,short,before,1,69.8156,19.3294,16579006819884432526,304560
gcc-release,sqrt,matrix,500000,500000,short,before,2,65.82,19.3671,16579006819884432526,304892
gcc-release,sqrt,matrix,500000,500000,short,after,2,52.1471,19.6619,16579006819884432526,247704
gcc-release,sqrt,matrix,500000,500000,short,after,3,65.9691,20.6387,16579006819884432526,248120
gcc-release,sqrt,matrix,500000,500000,short,before,3,78.7495,20.2084,16579006819884432526,306124
gcc-release,sqrt,matrix,500000,500000,short,before,4,69.1847,19.625,16579006819884432526,304688
gcc-release,sqrt,matrix,500000,500000,short,after,4,55.1058,20.603,16579006819884432526,247972
gcc-release,sqrt,matrix,500000,500000,short,after,5,54.2553,20.6499,16579006819884432526,247592
gcc-release,sqrt,matrix,500000,500000,short,before,5,68.393,19.8338,16579006819884432526,306040
gcc-release,sqrt,matrix,500000,100,random,before,0,86.82,0.013318,17864546153195454504,300648
gcc-release,sqrt,matrix,500000,100,random,after,0,91.9953,0.013157,17864546153195454504,243816
gcc-release,sqrt,matrix,500000,100,random,after,1,55.4176,0.012225,17864546153195454504,243856
gcc-release,sqrt,matrix,500000,100,random,before,1,67.0729,0.011455,17864546153195454504,301472
gcc-release,sqrt,matrix,500000,100,random,before,2,73.3361,0.011501,17864546153195454504,301556
gcc-release,sqrt,matrix,500000,100,random,after,2,53.6882,0.01273,17864546153195454504,243488
gcc-release,sqrt,matrix,500000,100,random,after,3,52.2026,0.009656,17864546153195454504,243860
gcc-release,sqrt,matrix,500000,100,random,before,3,66.4092,0.010316,17864546153195454504,300508
gcc-release,sqrt,matrix,500000,100,random,before,4,65.2515,0.011464,17864546153195454504,302520
gcc-release,sqrt,matrix,500000,100,random,after,4,51.0686,0.01081,17864546153195454504,244280
gcc-release,sqrt,matrix,500000,100,random,after,5,53.3476,0.010705,17864546153195454504,243664
gcc-release,sqrt,matrix,500000,100,random,before,5,70.7186,0.010835,17864546153195454504,302396
gcc-release,dst,min,500000,500000,random,before,0,29.5099,7.24689,14290619282437651446,89160
gcc-release,dst,min,500000,500000,random,after,0,27.6078,8.2131,14290619282437651446,85228
gcc-release,dst,min,500000,500000,random,after,1,27.6697,6.24656,14290619282437651446,85288
gcc-release,dst,min,500000,500000,random,before,1,29.3868,8.1549,14290619282437651446,89196
gcc-release,dst,min,500000,500000,random,before,2,43.3927,7.43527,14290619282437651446,89264
gcc-release,dst,min,500000,500000,random,after,2,27.3528,7.38251,14290619282437651446,85292
gcc-release,dst,min,500000,500000,random,after,3,27.2378,7.73029,14290619282437651446,85272
gcc-release,dst,min,500000,500000,random,before,3,29.0935,7.83577,14290619282437651446,89104
gcc-release,dst,min,500000,500000,random,before,4,29.2278,7.35758,14290619282437651446,89148
gcc-release,dst,min,500000,500000,random,after,4,28.5547,9.27966,14290619282437651446,85256
gcc-release,dst,min,500000,500000,random,after,5,27.1841,7.79945,14290619282437651446,85200
gcc-release,dst,min,500000,500000,random,before,5,30.1816,7.78217,14290619282437651446,89188
gcc-release,dst,min,500000,500000,short,before,0,28.6044,7.06383,8297229813448507998,89152
gcc-release,dst,min,500000,500000,short,after,0,27.6214,7.07613,8297229813448507998,85136
gcc-release,dst,min,500000,500000,short,after,1,27.4799,7.41278,8297229813448507998,85260
gcc-release,dst,min,500000,500000,short,before,1,29.2641,8.12325,8297229813448507998,89208
gcc-release,dst,min,500000,500000,short,before,2,29.8351,6.83508,8297229813448507998,89204
gcc-release,dst,min,500000,500000,short,after,2,28.7647,7.2792,8297229813448507998,85252
gcc-release,dst,min,500000,500000,short,after,3,27.027,7.40502,8297229813448507998,85312
gcc-release,dst,min,500000,500000,short,before,3,29.1324,6.99065,8297229813448507998,89268
gcc-release,dst,min,500000,500000,short,before,4,29.188,6.89621,8297229813448507998,89184
gcc-release,dst,min,500000,500000,short,after,4,27.1402,7.30902,8297229813448507998,85136
gcc-release,dst,min,500000,500000,short,after,5,27.7806,6.97046,8297229813448507998,85160
gcc-release,dst,min,500000,500000,short,before,5,29.529,7.07785,8297229813448507998,89104
gcc-release,dst,min,500000,100,random,before,0,29.7698,0.003265,6510695206153870241,85308
gcc-release,dst,min,500000,100,random,after,0,27.5726,0.003509,6510695206153870241,81360
gcc-release,dst,min,500000,100,random,after,1,27.2864,0.003218,6510695206153870241,81404
gcc-release,dst,min,500000,100,random,before,1,29.3424,0.005806,6510695206153870241,85144
gcc-release,dst,min,500000,100,random,before,2,28.753,0.003183,6510695206153870241,85260
gcc-release,dst,min,500000,100,random,after,2,26.5986,0.003363,6510695206153870241,81292
gcc-release,dst,min,500000,100,random,after,3,27.3619,0.00326,6510695206153870241,81364
gcc-release,dst,min,500000,100,random,before,3,28.7539,0.003837,6510695206153870241,85376
gcc-release,dst,min,500000,100,random,before,4,28.5235,0.003443,6510695206153870241,85380
gcc-release,dst,min,500000,100,random,after,4,26.8905,0.004595,6510695206153870241,81360
gcc-release,dst,min,500000,100,random,after,5,27.7519,0.004242,6510695206153870241,81308
gcc-release,dst,min,500000,100,random,before,5,29.0298,0.003124,6510695206153870241,85140
gcc-release,dst,sum,500000,500000,random,before,0,27.8845,7.10443,17032039528712304763,89192
gcc-release,dst,sum,500000,500000,random,after,0,36.7901,15.0349,17032039528712304763,85292
gcc-release,dst,sum,500000,500000,random,after,1,47.4954,13.2139,17032039528712304763,85136
gcc-release,dst,sum,500000,500000,random,before,1,28.162,7.17336,17032039528712304763,89160
gcc-release,dst,sum,500000,500000,random,before,2,43.7157,7.04377,17032039528712304763,89156
gcc-release,dst,sum,500000,500000,random,after,2,26.2786,7.62033,17032039528712304763,85140
gcc-release,dst,sum,500000,500000,random,after,3,25.9451,7.70203,17032039528712304763,85248
gcc-release,dst,sum,500000,500000,random,before,3,29.806,7.31288,17032039528712304763,89084
gcc-release,dst,sum,500000,500000,random,before,4,28.3319,7.71149,17032039528712304763,89144
gcc-release,dst,sum,500000,500000,random,after,4,27.3828,8.1572,17032039528712304763,85296
gcc-release,dst,sum,500000,500000,random,after,5,25.9414,7.604,17032039528712304763,85196
gcc-release,dst,sum,500000,500000,random,before,5,27.2707,6.99044,17032039528712304763,89192
gcc-release,dst,sum,500000,500000,short,before,0,27.5067,7.28866,9280008034577550675,89124
gcc-release,dst,sum,500000,500000,short,after,0,26.1683,6.70937,9280008034577550675,85252
gcc-release,dst,sum,500000,500000,short,after,1,26.9418,7.0352,9280008034577550675,85296
gcc-release,dst,sum,500000,500000,short,before,1,27.4982,6.59007,9280008034577550675,89092
gcc-release,dst,sum,500000,500000,short,before,2,27.993,6.24401,9280008034577550675,89200
gcc-release,dst,sum,500000,500000,short,after,2,25.9982,6.81959,9280008034577550675,85288
gcc-release,dst,sum,500000,500000,short,after,3,26.0158,6.70796,9280008034577550675,85136
gcc-release,dst,sum,500000,500000,short,before,3,28.2092,6.49972,9280008034577550675,89144
gcc-release,dst,sum,500000,500000,short,before,4,27.1884,6.75139,9280008034577550675,89196
gcc-release,dst,sum,500000,500000,short,after,4,26.0896,6.87317,9280008034577550675,85264
gcc-release,dst,sum,500000,500000,short,after,5,25.9186,6.74209,9280008034577550675,85136
gcc-release,dst,sum,500000,500000,short,before,5,28.3052,6.6365,9280008034577550675,89188
gcc-release,dst,sum,500000,100,random,before,0,27.5765,0.004153,1600832139740968335,85228
gcc-release,dst,sum,500000,100,random,after,0,27.0283,0.004075,1600832139740968335,81360
gcc-release,dst,sum,500000,100,random,after,1,26.1336,0.003264,1600832139740968335,81404
gcc-release,dst,sum,500000,100,random,before,1,27.2736,0.003143,1600832139740968335,85256
gcc-release,dst,sum,500000,100,random,before,2,27.9034,0.005696,1600832139740968335,85268
gcc-release,dst,sum,500000,100,random,after,2,27.0049,0.004169,1600832139740968335,81400
gcc-release,dst,sum,500000,100,random,after,3,26.4022,0.005381,1600832139740968335,81376
gcc-release,dst,sum,500000,100,random,before,3,27.986,0.003461,1600832139740968335,85268
gcc-release,dst,sum,500000,100,random,before,4,26.9653,0.003166,1600832139740968335,85252
gcc-release,dst,sum,500000,100,random,after,4,26.8618,0.004306,1600832139740968335,81404
gcc-release,dst,sum,500000,100,random,after,5,25.9687,0.003409,1600832139740968335,81360
gcc-release,dst,sum,500000,100,random,before,5,26.8753,0.002901,1600832139740968335,85232
gcc-release,dst,affine,500000,500000,random,before,0,64.1252,9.9545,11025557265200150944,175108
gcc-release,dst,affine,500000,500000,random,after,0,46.8118,10.7095,11025557265200150944,167332
gcc-release,dst,affine,500000,500000,random,after,1,46.173,10.8994,11025557265200150944,167340
gcc-release,dst,affine,500000,500000,random,before,1,48.9455,10.4303,11025557265200150944,175104
gcc-release,dst,affine,500000,500000,random,before,2,47.9455,10.2003,11025557265200150944,175012
gcc-release,dst,affine,500000,500000,random,after,2,76.115,10.8158,11025557265200150944,167296
gcc-release,dst,affine,500000,500000,random,after,3,51.244,10.2225,11025557265200150944,167224
gcc-release,dst,affine,500000,500000,random,before,3,48.4688,10.2001,11025557265200150944,175092
gcc-release,dst,affine,500000,500000,random,before,4,47.9952,10.3316,11025557265200150944,175104
gcc-release,dst,affine,500000,500000,random,after,4,47.1748,11.3,11025557265200150944,167348
gcc-release,dst,affine,500000,500000,random,after,5,48.0403,10.5821,11025557265200150944,167344
gcc-release,dst,affine,500000,500000,random,before,5,48.0518,9.86369,11025557265200150944,175104
gcc-release,dst,affine,500000,500000,short,before,0,48.2568,10.3706,17278716764487211200,174944
gcc-release,dst,affine,500000,500000,short,after,0,47.6487,9.54937,17278716764487211200,167392
gcc-release,dst,affine,500000,500000,short,after,1,73.6435,12.3333,17278716764487211200,167368
gcc-release,dst,affine,500000,500000,short,before,1,49.0528,9.90313,17278716764487211200,175020
gcc-release,dst,affine,500000,500000,short,before,2,48.17,9.68216,17278716764487211200,175076
gcc-release,dst,affine,500000,500000,short,after,2,45.5816,9.7729,17278716764487211200,167392
gcc-release,dst,affine,500000,500000,short,after,3,47.7313,9.75135,17278716764487211200,167380
gcc-release,dst,affine,500000,500000,short,before,3,47.8789,9.68334,17278716764487211200,175168
gcc-release,dst,affine,500000,500000,short,before,4,48.6699,9.80158,17278716764487211200,175008
gcc-release,dst,affine,500000,500000,short,after,4,47.5865,9.99162,17278716764487211200,167312
gcc-release,dst,affine,500000,500000,short,after,5,45.3071,10.1769,17278716764487211200,167320
gcc-release,dst,affine,500000,500000,short,before,5,47.4713,9.7278,17278716764487211200,175080
gcc-release,dst,affine,500000,100,random,before,0,50.1749,0.00467,17756240319959167362,171216
gcc-release,dst,affine,500000,100,random,after,0,45.9628,0.006842,17756240319959167362,163448
gcc-release,dst,affine,500000,100,random,after,1,46.32,0.005075,17756240319959167362,163492
gcc-release,dst,affine,500000,100,random,before,1,48.4788,0.004312,17756240319959167362,171216
gcc-release,dst,affine,500000,100,random,before,2,48.4509,0.004907,17756240319959167362,171128
gcc-release,dst,affine,500000,100,random,after,2,47.7443,0.004447,17756240319959167362,163336
gcc-release,dst,affine,500000,100,random,after,3,67.6189,0.007569,17756240319959167362,163488
gcc-release,dst,affine,500000,100,random,before,3,50.7108,0.004771,17756240319959167362,171196
gcc-release,dst,affine,500000,100,random,before,4,47.4827,0.005419,17756240319959167362,171180
gcc-release,dst,affine,500000,100,random,after,4,46.6133,0.005419,17756240319959167362,163488
gcc-release,dst,affine,500000,100,random,after,5,49.1248,0.004723,17756240319959167362,163436
gcc-release,dst,affine,500000,100,random,before,5,48.3779,0.007179,17756240319959167362,171212
gcc-release,dst,matrix,500000,500000,random,before,0,174.498,16.6347,12536137626927728898,339084
gcc-release,dst,matrix,500000,500000,random,after,0,131.575,16.6547,12536137626927728898,323548
gcc-release,dst,matrix,500000,500000,random,after,1,130.81,16.565,12536137626927728898,323448
gcc-release,dst,matrix,500000,500000,random,before,1,134.191,17.6024,12536137626927728898,339044
gcc-release,dst,matrix,500000,500000,random,before,2,133.228,17.7655,12536137626927728898,339064
gcc-release,dst,matrix,500000,500000,random,after,2,132.211,16.6,12536137626927728898,323416
gcc-release,dst,matrix,500000,500000,random,after,3,129.758,16.5144,12536137626927728898,323520
gcc-release,dst,matrix,500000,500000,random,before,3,133.571,16.7382,12536137626927728898,339068
gcc-release,dst,matrix,500000,500000,random,before,4,134.648,16.2439,12536137626927728898,339116
gcc-release,dst,matrix,500000,500000,random,after,4,164.753,17.0316,12536137626927728898,323604
gcc-release,dst,matrix,500000,500000,random,after,5,131.769,17.2486,12536137626927728898,323448
gcc-release,dst,matrix,500000,500000,random,before,5,135.839,16.9481,12536137626927728898,339152
gcc-release,dst,matrix,500000,500000,short,before,0,133.383,16.8028,16579006819884432526,339112
gcc-release,dst,matrix,500000,500000,short,after,0,131.298,16.059,16579006819884432526,323516
gcc-release,dst,matrix,500000,500000,short,after,1,131.353,16.2503,16579006819884432526,323476
gcc-release,dst,matrix,500000,500000,short,before,1,132.361,16.305,16579006819884432526,339016
gcc-release,dst,matrix,500000,500000,short,before,2,135.337,17.3527,16579006819884432526,339164
gcc-release,dst,matrix,500000,500000,short,after,2,130.486,15.8788,16579006819884432526,323436
gcc-release,dst,matrix,500000,500000,short,after,3,128.382,16.2234,16579006819884432526,323520
gcc-release,dst,matrix,500000,500000,short,before,3,132.75,15.7822,16579006819884432526,339152
gcc-release,dst,matrix,500000,500000,short,before,4,132.883,16.0911,16579006819884432526,339104
gcc-release,dst,matrix,500000,500000,short,after,4,136.795,16.6592,16579006819884432526,323420
gcc-release,dst,matrix,500000,500000,short,after,5,130.131,16.6732,16579006819884432526,323448
gcc-release,dst,matrix,500000,500000,short,before,5,136.274,15.6443,16579006819884432526,339148
gcc-release,dst,matrix,500000,100,random,before,0,134.56,0.006864,17864546153195454504,335168
gcc-release,dst,matrix,500000,100,random,after,0,130.289,0.007919,17864546153195454504,319520
gcc-release,dst,matrix,500000,100,random,after,1,135.375,0.007703,17864546153195454504,319592
gcc-release,dst,matrix,500000,100,random,before,1,138.008,0.006752,17864546153195454504,335216
gcc-release,dst,matrix,500000,100,random,before,2,133.505,0.006763,17864546153195454504,335160
gcc-release,dst,matrix,500000,100,random,after,2,124.403,0.006068,17864546153195454504,319516
gcc-release,dst,matrix,500000,100,random,after,3,118.205,0.007353,17864546153195454504,319496
gcc-release,dst,matrix,500000,100,random,before,3,124.671,0.007056,17864546153195454504,335204
gcc-release,dst,matrix,500000,100,random,before,4,119.916,0.006476,17864546153195454504,335192
gcc-release,dst,matrix,500000,100,random,after,4,119.751,0.006134,17864546153195454504,319620
gcc-release,dst,matrix,500000,100,random,after,5,118.344,0.005952,17864546153195454504,319464
gcc-release,dst,matrix,500000,100,random,before,5,146.16,0.00632,17864546153195454504,335248
gcc-release,linear,min,524289,500000,random,before,0,6.55758,15.5321,13671779831198670799,20760
gcc-release,linear,min,524289,500000,random,after,0,5.67341,12.6611,13671779831198670799,19600
gcc-release,linear,min,524289,500000,random,after,1,5.92394,14.1581,13671779831198670799,19600
gcc-release,linear,min,524289,500000,random,before,1,7.09256,25.2697,13671779831198670799,20668
gcc-release,linear,min,524289,500000,random,before,2,7.15308,21.0148,13671779831198670799,20732
gcc-release,linear,min,524289,500000,random,after,2,6.72917,16.1958,13671779831198670799,19440
gcc-release,linear,min,524289,500000,random,after,3,5.91768,13.4945,13671779831198670799,19528
gcc-release,linear,min,524289,500000,random,before,3,6.94348,17.0823,13671779831198670799,20680
gcc-release,linear,min,524289,500000,random,before,4,6.58306,15.8935,13671779831198670799,20732
gcc-release,linear,min,524289,500000,random,after,4,5.79857,12.4005,13671779831198670799,19480
gcc-release,linear,min,524289,500000,random,after,5,6.07141,13.0762,13671779831198670799,19552
gcc-release,linear,min,524289,500000,random,before,5,6.26659,15.4874,13671779831198670799,20792
gcc-release,linear,min,524289,500000,short,before,0,6.58798,8.74711,14492130117152109548,20724
gcc-release,linear,min,524289,500000,short,after,0,5.98881,3.76255,14492130117152109548,19532
gcc-release,linear,min,524289,500000,short,after,1,5.82892,3.91306,14492130117152109548,19476
gcc-release,linear,min,524289,500000,short,before,1,6.32214,8.07126,14492130117152109548,20752
gcc-release,linear,min,524289,500000,short,before,2,6.02027,7.687,14492130117152109548,20800
gcc-release,linear,min,524289,500000,short,after,2,5.48756,3.47706,14492130117152109548,19484
gcc-release,linear,min,524289,500000,short,after,3,5.90817,3.77609,14492130117152109548,19512
gcc-release,linear,min,524289,500000,short,before,3,6.48405,8.14299,14492130117152109548,20744
gcc-release,linear,min,524289,500000,short,before,4,7.18945,8.56877,14492130117152109548,20684
gcc-release,linear,min,524289,500000,short,after,4,6.0299,4.1595,14492130117152109548,19496
gcc-release,linear,min,524289,500000,short,after,5,5.96016,4.05489,14492130117152109548,19600
gcc-release,linear,min,524289,500000,short,before,5,6.5149,8.40449,14492130117152109548,20648
gcc-release,linear,min,524289,500000,equal,before,0,3.92483,9.7115,16692229528249448416,20680
gcc-release,linear,min,524289,500000,equal,after,0,3.53619,8.91073,16692229528249448416,19440
gcc-release,linear,min,524289,500000,equal,after,1,3.81268,9.70129,16692229528249448416,19440
gcc-release,linear,min,524289,500000,equal,before,1,4.14133,9.83321,16692229528249448416,20644
gcc-release,linear,min,524289,500000,equal,before,2,4.44395,11.6282,16692229528249448416,20764
gcc-release,linear,min,524289,500000,equal,after,2,4.01372,10.9418,16692229528249448416,19492
gcc-release,linear,min,524289,500000,equal,after,3,3.75092,9.45765,16692229528249448416,19488
gcc-release,linear,min,524289,500000,equal,before,3,4.16061,9.92282,16692229528249448416,20840
gcc-release,linear,min,524289,500000,equal,before,4,4.19677,9.97698,16692229528249448416,20680
gcc-release,linear,min,524289,500000,equal,after,4,3.62862,9.7065,16692229528249448416,19676
gcc-release,linear,min,524289,500000,equal,after,5,3.56966,8.95106,16692229528249448416,19500
gcc-release,linear,min,524289,500000,equal,before,5,4.10402,9.48991,16692229528249448416,20732
gcc-release,linear,min,524289,500000,ascending,before,0,4.24217,9.79097,16692229528249448416,20720
gcc-release,linear,min,524289,500000,ascending,after,0,3.77383,8.72514,16692229528249448416,19420
gcc-release,linear,min,524289,500000,ascending,after,1,3.72998,8.89644,16692229528249448416,19440
gcc-release,linear,min,524289,500000,ascending,before,1,16.9539,9.77158,16692229528249448416,20720
gcc-release,linear,min,524289,500000,ascending,before,2,4.26088,9.81411,16692229528249448416,20740
gcc-release,linear,min,524289,500000,ascending,after,2,3.53695,8.95791,16692229528249448416,19532
gcc-release,linear,min,524289,500000,ascending,after,3,3.79155,9.97834,16692229528249448416,19396
gcc-release,linear,min,524289,500000,ascending,before,3,4.088,9.88717,16692229528249448416,20724
gcc-release,linear,min,524289,500000,ascending,before,4,4.20617,10.5572,16692229528249448416,20676
gcc-release,linear,min,524289,500000,ascending,after,4,4.07468,10.3787,16692229528249448416,19568
gcc-release,linear,min,524289,500000,ascending,after,5,3.64299,9.585,16692229528249448416,19500
gcc-release,linear,min,524289,500000,ascending,before,5,4.51288,12.0747,16692229528249448416,20728
gcc-release,linear,min,524289,500000,descending,before,0,4.5287,13.1697,9361325247145790409,20728
gcc-release,linear,min,524289,500000,descending,after,0,3.96458,10.2166,9361325247145790409,19484
gcc-release,linear,min,524289,500000,descending,after,1,4.17825,10.8125,9361325247145790409,19488
gcc-release,linear,min,524289,500000,descending,before,1,4.64068,13.7316,9361325247145790409,20764
gcc-release,linear,min,524289,500000,descending,before,2,4.6137,11.7272,9361325247145790409,20720
gcc-release,linear,min,524289,500000,descending,after,2,3.94866,11.4894,9361325247145790409,19480
gcc-release,linear,min,524289,500000,descending,after,3,3.96425,8.39076,9361325247145790409,19604
gcc-release,linear,min,524289,500000,descending,before,3,4.53815,13.1129,9361325247145790409,20728
gcc-release,linear,min,524289,500000,descending,before,4,3.98995,8.46494,9361325247145790409,20716
gcc-release,linear,min,524289,500000,descending,after,4,3.9249,9.45688,9361325247145790409,19504
gcc-release,linear,min,524289,500000,descending,after,5,3.9072,9.56371,9361325247145790409,19488
gcc-release,linear,min,524289,500000,descending,before,5,4.10434,14.3536,9361325247145790409,20716
gcc-release,sqrt,min,524289,500000,random,before,0,33.3437,7.641,5432412596779352430,146412
gcc-release,sqrt,min,524289,500000,random,after,0,15.8166,6.56839,5432412596779352430,80864
gcc-release,sqrt,min,524289,500000,random,after,1,15.0188,6.67784,5432412596779352430,80848
gcc-release,sqrt,min,524289,500000,random,before,1,35.3162,8.22518,5432412596779352430,146420
gcc-release,sqrt,min,524289,500000,random,before,2,32.5932,8.48459,5432412596779352430,146452
gcc-release,sqrt,min,524289,500000,random,after,2,16.685,7.90385,5432412596779352430,80852
gcc-release,sqrt,min,524289,500000,random,after,3,16.0992,7.37855,5432412596779352430,80868
gcc-release,sqrt,min,524289,500000,random,before,3,33.474,7.05477,5432412596779352430,146432
gcc-release,sqrt,min,524289,500000,random,before,4,31.6356,7.14338,5432412596779352430,146464
gcc-release,sqrt,min,524289,500000,random,after,4,16.3665,8.84788,5432412596779352430,80868
gcc-release,sqrt,min,524289,500000,random,after,5,16.815,8.45674,5432412596779352430,80868
gcc-release,sqrt,min,524289,500000,random,before,5,34.1972,7.53431,5432412596779352430,146284
gcc-release,sqrt,min,524289,500000,short,before,0,36.6277,11.1101,9250426491848445360,146408
gcc-release,sqrt,min,524289,500000,short,after,0,16.9432,9.29487,9250426491848445360,80824
gcc-release,sqrt,min,524289,500000,short,after,1,15.8609,9.64726,9250426491848445360,80928
gcc-release,sqrt,min,524289,500000,short,before,1,32.6312,9.02732,9250426491848445360,146456
gcc-release,sqrt,min,524289,500000,short,before,2,32.2405,9.49648,9250426491848445360,146328
gcc-release,sqrt,min,524289,500000,short,after,2,17.5362,10.1279,9250426491848445360,80868
gcc-release,sqrt,min,524289,500000,short,after,3,16.6641,9.12251,9250426491848445360,80872
gcc-release,sqrt,min,524289,500000,short,before,3,36.9969,10.5085,9250426491848445360,146328
gcc-release,sqrt,min,524289,500000,short,before,4,37.3636,10.0231,9250426491848445360,146460
gcc-release,sqrt,min,524289,500000,short,after,4,20.9483,9.50161,9250426491848445360,80864
gcc-release,sqrt,min,524289,500000,short,after,5,16.4295,9.11669,9250426491848445360,80764
gcc-release,sqrt,min,524289,500000,short,before,5,45.8056,8.94625,9250426491848445360,146368
gcc-release,sqrt,min,524289,100,random,before,0,33.8896,0.006754,4893698954213784555,142524
gcc-release,sqrt,min,524289,100,random,after,0,15.2613,0.006137,4893698954213784555,76936
gcc-release,sqrt,min,524289,100,random,after,1,15.5254,0.007815,4893698954213784555,76976
gcc-release,sqrt,min,524289,100,random,before,1,32.5643,0.005971,4893698954213784555,142516
gcc-release,sqrt,min,524289,100,random,before,2,31.2138,0.005452,4893698954213784555,142360
gcc-release,sqrt,min,524289,100,random,after,2,16.0231,0.020287,4893698954213784555,77004
gcc-release,sqrt,min,524289,100,random,after,3,16.1603,0.005828,4893698954213784555,77036
gcc-release,sqrt,min,524289,100,random,before,3,32.8518,0.005806,4893698954213784555,142552
gcc-release,sqrt,min,524289,100,random,before,4,33.2497,0.006646,4893698954213784555,142552
gcc-release,sqrt,min,524289,100,random,after,4,16.2909,0.005575,4893698954213784555,76876
gcc-release,sqrt,min,524289,100,random,after,5,15.6512,0.005016,4893698954213784555,76976
gcc-release,sqrt,min,524289,100,random,before,5,30.9406,0.005406,4893698954213784555,142444
gcc-release,sqrt,sum,524289,500000,random,before,0,30.7626,5.7994,12014905189528964679,146316
gcc-release,sqrt,sum,524289,500000,random,after,0,15.4515,6.07178,12014905189528964679,80872
gcc-release,sqrt,sum,524289,500000,random,after,1,15.6679,6.20955,12014905189528964679,80780
gcc-release,sqrt,sum,524289,500000,random,before,1,31.4658,6.37725,12014905189528964679,146460
gcc-release,sqrt,sum,524289,500000,random,before,2,31.6432,5.96775,12014905189528964679,146408
gcc-release,sqrt,sum,524289,500000,random,after,2,16.718,5.9794,12014905189528964679,80868
gcc-release,sqrt,sum,524289,500000,random,after,3,16.5943,8.25104,12014905189528964679,80828
gcc-release,sqrt,sum,524289,500000,random,before,3,36.3247,6.65415,12014905189528964679,146456
gcc-release,sqrt,sum,524289,500000,random,before,4,32.0325,6.80316,12014905189528964679,146412
gcc-release,sqrt,sum,524289,500000,random,after,4,16.0623,6.92279,12014905189528964679,80848
gcc-release,sqrt,sum,524289,500000,random,after,5,15.0403,6.68333,12014905189528964679,80852
gcc-release,sqrt,sum,524289,500000,random,before,5,31.6115,6.32891,12014905189528964679,146436
gcc-release,sqrt,sum,524289,500000,short,before,0,34.8205,8.34364,6593724044195525849,146352
gcc-release,sqrt,sum,524289,500000,short,after,0,17.0902,9.7827,6593724044195525849,80944
gcc-release,sqrt,sum,524289,500000,short,after,1,17.1634,9.01618,6593724044195525849,80836
gcc-release,sqrt,sum,524289,500000,short,before,1,30.9718,8.54483,6593724044195525849,146416
gcc-release,sqrt,sum,524289,500000,short,before,2,31.544,8.36999,6593724044195525849,146412
gcc-release,sqrt,sum,524289,500000,short,after,2,14.6572,7.798,6593724044195525849,80840
gcc-release,sqrt,sum,524289,500000,short,after,3,15.2015,8.4098,6593724044195525849,80936
gcc-release,sqrt,sum,524289,500000,short,before,3,31.0815,8.31027,6593724044195525849,146368
gcc-release,sqrt,sum,524289,500000,short,before,4,30.8476,8.9686,6593724044195525849,146428
gcc-release,sqrt,sum,524289,500000,short,after,4,15.164,8.35733,6593724044195525849,80872
gcc-release,sqrt,sum,524289,500000,short,after,5,15.3978,8.77255,6593724044195525849,80856
gcc-release,sqrt,sum,524289,500000,short,before,5,55.393,8.15123,6593724044195525849,146356
gcc-release,sqrt,sum,524289,100,random,before,0,31.9872,0.006914,8314412208803132849,142516
gcc-release,sqrt,sum,524289,100,random,after,0,15.8901,0.005997,8314412208803132849,76956
gcc-release,sqrt,sum,524289,100,random,after,1,15.2534,0.005636,8314412208803132849,76972
gcc-release,sqrt,sum,524289,100,random,before,1,31.7249,0.006045,8314412208803132849,142468
gcc-release,sqrt,sum,524289,100,random,before,2,32.9599,0.005501,8314412208803132849,142444
gcc-release,sqrt,sum,524289,100,random,after,2,15.3937,0.006558,8314412208803132849,76972
gcc-release,sqrt,sum,524289,100,random,after,3,15.1453,0.006457,8314412208803132849,76932
gcc-release,sqrt,sum,524289,100,random,before,3,31.9418,0.005436,8314412208803132849,142532
gcc-release,sqrt,sum,524289,100,random,before,4,31.6914,0.005808,8314412208803132849,142460
gcc-release,sqrt,sum,524289,100,random,after,4,16.6091,0.00636,8314412208803132849,76984
gcc-release,sqrt,sum,524289,100,random,after,5,15.8179,0.005953,8314412208803132849,76928
gcc-release,sqrt,sum,524289,100,random,before,5,31.0205,0.005161,8314412208803132849,142504
gcc-release,sqrt,affine,524289,500000,random,before,0,90.4755,11.4636,11860631975963514010,289800
gcc-release,sqrt,affine,524289,500000,random,after,0,28.7308,13.6221,11860631975963514010,158600
gcc-release,sqrt,affine,524289,500000,random,after,1,27.4292,11.3736,11860631975963514010,158608
gcc-release,sqrt,affine,524289,500000,random,before,1,55.3692,11.1343,11860631975963514010,289836
gcc-release,sqrt,affine,524289,500000,random,before,2,57.5027,10.044,11860631975963514010,289844
gcc-release,sqrt,affine,524289,500000,random,after,2,24.1824,9.29999,11860631975963514010,158564
gcc-release,sqrt,affine,524289,500000,random,after,3,27.6864,10.9446,11860631975963514010,158584
gcc-release,sqrt,affine,524289,500000,random,before,3,56.8088,11.3055,11860631975963514010,289840
gcc-release,sqrt,affine,524289,500000,random,before,4,54.3443,10.8072,11860631975963514010,289800
gcc-release,sqrt,affine,524289,500000,random,after,4,26.8214,12.4434,11860631975963514010,158508
gcc-release,sqrt,affine,524289,500000,random,after,5,44.0631,24.0146,11860631975963514010,158508
gcc-release,sqrt,affine,524289,500000,random,before,5,103.724,21.4002,11860631975963514010,289848
gcc-release,sqrt,affine,524289,500000,short,before,0,58.2342,10.3663,15076505305736607098,289812
gcc-release,sqrt,affine,524289,500000,short,after,0,24.153,10.6214,15076505305736607098,158588
gcc-release,sqrt,affine,524289,500000,short,after,1,29.6194,12.4324,15076505305736607098,158584
gcc-release,sqrt,affine,524289,500000,short,before,1,66.8698,12.8328,15076505305736607098,289848
gcc-release,sqrt,affine,524289,500000,short,before,2,64.1794,13.1374,15076505305736607098,289844
gcc-release,sqrt,affine,524289,500000,short,after,2,46.8242,13.4544,15076505305736607098,158528
gcc-release,sqrt,affine,524289,500000,short,after,3,30.7941,13.5251,15076505305736607098,158636
gcc-release,sqrt,affine,524289,500000,short,before,3,96.2846,14.3347,15076505305736607098,289840
gcc-release,sqrt,affine,524289,500000,short,before,4,64.3735,13.8318,15076505305736607098,289844
gcc-release,sqrt,affine,524289,500000,short,after,4,30.9507,12.7658,15076505305736607098,158600
gcc-release,sqrt,affine,524289,500000,short,after,5,31.4001,12.8651,15076505305736607098,158568
gcc-release,sqrt,affine,524289,500000,short,before,5,64.6862,13.3371,15076505305736607098,289808
gcc-release,sqrt,affine,524289,100,random,before,0,64.2661,0.008253,14275789214696131822,285896
gcc-release,sqrt,affine,524289,100,random,after,0,31.4793,0.007859,14275789214696131822,154672
gcc-release,sqrt,affine,524289,100,random,after,1,31.8695,0.00854,14275789214696131822,154952
gcc-release,sqrt,affine,524289,100,random,before,1,66.5391,0.007938,14275789214696131822,285848
gcc-release,sqrt,affine,524289,100,random,before,2,63.5031,0.007308,14275789214696131822,285892
gcc-release,sqrt,affine,524289,100,random,after,2,32.2681,0.008762,14275789214696131822,154800
gcc-release,sqrt,affine,524289,100,random,after,3,31.2773,0.007675,14275789214696131822,154664
gcc-release,sqrt,affine,524289,100,random,before,3,62.684,0.007486,14275789214696131822,285940
gcc-release,sqrt,affine,524289,100,random,before,4,68.5802,0.007434,14275789214696131822,285764
gcc-release,sqrt,affine,524289,100,random,after,4,32.3093,0.00727,14275789214696131822,154724
gcc-release,sqrt,affine,524289,100,random,after,5,31.342,0.007547,14275789214696131822,154720
gcc-release,sqrt,affine,524289,100,random,before,5,68.7222,0.008464,14275789214696131822,285776
gcc-release,sqrt,matrix,524289,500000,random,before,0,177.148,17.3287,16028233840536679478,568256
gcc-release,sqrt,matrix,524289,500000,random,after,0,49.8251,23.178,16028233840536679478,305992
gcc-release,sqrt,matrix,524289,500000,random,after,1,47.9575,18.8665,16028233840536679478,306240
gcc-release,sqrt,matrix,524289,500000,random,before,1,108.57,18.4133,16028233840536679478,568424
gcc-release,sqrt,matrix,524289,500000,random,before,2,159.577,23.8313,16028233840536679478,568400
gcc-release,sqrt,matrix,524289,500000,random,after,2,56.1742,24.3028,16028233840536679478,306040
gcc-release,sqrt,matrix,524289,500000,random,after,3,55.5312,23.9994,16028233840536679478,305964
gcc-release,sqrt,matrix,524289,500000,random,before,3,123.062,24.3633,16028233840536679478,568508
gcc-release,sqrt,matrix,524289,500000,random,before,4,120.075,25.4195,16028233840536679478,568336
gcc-release,sqrt,matrix,524289,500000,random,after,4,68.6198,25.3146,16028233840536679478,306688
gcc-release,sqrt,matrix,524289,500000,random,after,5,57.2182,23.6527,16028233840536679478,306012
gcc-release,sqrt,matrix,524289,500000,random,before,5,117.35,23.9936,16028233840536679478,568384
gcc-release,sqrt,matrix,524289,500000,short,before,0,122.614,19.584,10935118516001891810,568424
gcc-release,sqrt,matrix,524289,500000,short,after,0,53.545,19.9612,10935118516001891810,306068
gcc-release,sqrt,matrix,524289,500000,short,after,1,53.9442,19.2985,10935118516001891810,305956
gcc-release,sqrt,matrix,524289,500000,short,before,1,122.548,19.951,10935118516001891810,568324
gcc-release,sqrt,matrix,524289,500000,short,before,2,117.66,19.327,10935118516001891810,568336
gcc-release,sqrt,matrix,524289,500000,short,after,2,53.5652,19.3481,10935118516001891810,306048
gcc-release,sqrt,matrix,524289,500000,short,after,3,68.4101,20.1568,10935118516001891810,306040
gcc-release,sqrt,matrix,524289,500000,short,before,3,147.164,19.9689,10935118516001891810,568336
gcc-release,sqrt,matrix,524289,500000,short,before,4,108.54,17.8194,10935118516001891810,568320
gcc-release,sqrt,matrix,524289,500000,short,after,4,49.5047,17.9142,10935118516001891810,306036
gcc-release,sqrt,matrix,524289,500000,short,after,5,49.6626,16.8258,10935118516001891810,305988
gcc-release,sqrt,matrix,524289,500000,short,before,5,104.123,15.494,10935118516001891810,568380
gcc-release,sqrt,matrix,524289,100,random,before,0,97.5438,0.008637,10901229608125078770,564428
gcc-release,sqrt,matrix,524289,100,random,after,0,49.0165,0.009924,10901229608125078770,302148
gcc-release,sqrt,matrix,524289,100,random,after,1,48.8714,0.009803,10901229608125078770,302112
gcc-release,sqrt,matrix,524289,100,random,before,1,112.669,0.010509,10901229608125078770,564344
gcc-release,sqrt,matrix,524289,100,random,before,2,108.634,0.009777,10901229608125078770,564600
gcc-release,sqrt,matrix,524289,100,random,after,2,48.0941,0.009855,10901229608125078770,302048
gcc-release,sqrt,matrix,524289,100,random,after,3,50.6561,0.010643,10901229608125078770,302108
gcc-release,sqrt,matrix,524289,100,random,before,3,105.885,0.009272,10901229608125078770,564516
gcc-release,sqrt,matrix,524289,100,random,before,4,110.895,0.010289,10901229608125078770,564500
gcc-release,sqrt,matrix,524289,100,random,after,4,49.7819,0.01045,10901229608125078770,302144
gcc-release,sqrt,matrix,524289,100,random,after,5,49.8852,0.010158,10901229608125078770,302092
gcc-release,sqrt,matrix,524289,100,random,before,5,108.445,0.00968,10901229608125078770,564520
gcc-release,dst,min,524289,500000,random,before,0,30.5759,6.80358,5432412596779352430,97172
gcc-release,dst,min,524289,500000,random,after,0,28.4762,6.32548,5432412596779352430,93272
gcc-release,dst,min,524289,500000,random,after,1,28.0556,6.27355,5432412596779352430,93188
gcc-release,dst,min,524289,500000,random,before,1,29.5583,6.17758,5432412596779352430,97168
gcc-release,dst,min,524289,500000,random,before,2,29.9864,5.73559,5432412596779352430,97132
gcc-release,dst,min,524289,500000,random,after,2,28.94,6.4196,5432412596779352430,93268
gcc-release,dst,min,524289,500000,random,after,3,27.7663,6.45378,5432412596779352430,93272
gcc-release,dst,min,524289,500000,random,before,3,29.9804,6.03257,5432412596779352430,97140
gcc-release,dst,min,524289,500000,random,before,4,30.8765,7.06503,5432412596779352430,97088
gcc-release,dst,min,524289,500000,random,after,4,27.2705,6.37744,5432412596779352430,93208
gcc-release,dst,min,524289,500000,random,after,5,28.2533,6.47069,5432412596779352430,93248
gcc-release,dst,min,524289,500000,random,before,5,29.9287,6.18185,5432412596779352430,97152
gcc-release,dst,min,524289,500000,short,before,0,29.5645,5.55735,9250426491848445360,97168
gcc-release,dst,min,524289,500000,short,after,0,27.2311,6.12624,9250426491848445360,93244
gcc-release,dst,min,524289,500000,short,after,1,27.9179,5.70151,9250426491848445360,93260
gcc-release,dst,min,524289,500000,short,before,1,30.1927,5.85546,9250426491848445360,97088
gcc-release,dst,min,524289,500000,short,before,2,29.7417,5.76618,9250426491848445360,97128
gcc-release,dst,min,524289,500000,short,after,2,27.1115,5.85211,9250426491848445360,93228
gcc-release,dst,min,524289,500000,short,after,3,27.9339,5.94597,9250426491848445360,93240
gcc-release,dst,min,524289,500000,short,before,3,30.6516,6.02264,9250426491848445360,97252
gcc-release,dst,min,524289,500000,short,before,4,30.2452,7.65898,9250426491848445360,97896
gcc-release,dst,min,524289,500000,short,after,4,27.9591,5.92565,9250426491848445360,93116
gcc-release,dst,min,524289,500000,short,after,5,28.2402,6.16539,9250426491848445360,93280
gcc-release,dst,min,524289,500000,short,before,5,30.2933,5.78535,9250426491848445360,97168
gcc-release,dst,min,524289,100,random,before,0,38.7901,0.00534,4893698954213784555,93356
gcc-release,dst,min,524289,100,random,after,0,43.7208,0.00561,4893698954213784555,89404
gcc-release,dst,min,524289,100,random,after,1,43.2191,0.005135,4893698954213784555,89364
gcc-release,dst,min,524289,100,random,before,1,45.7849,0.004448,4893698954213784555,93356
gcc-release,dst,min,524289,100,random,before,2,45.5043,0.00413,4893698954213784555,93280
gcc-release,dst,min,524289,100,random,after,2,40.9281,0.004961,4893698954213784555,89384
gcc-release,dst,min,524289,100,random,after,3,40.1177,0.005623,4893698954213784555,89344
gcc-release,dst,min,524289,100,random,before,3,46.3387,0.005515,4893698954213784555,93360
gcc-release,dst,min,524289,100,random,before,4,47.2987,0.006242,4893698954213784555,93284
gcc-release,dst,min,524289,100,random,after,4,40.6922,0.005168,4893698954213784555,89336
gcc-release,dst,min,524289,100,random,after,5,41.9704,0.004551,4893698954213784555,89336
gcc-release,dst,min,524289,100,random,before,5,43.3203,0.006183,4893698954213784555,93276
gcc-release,dst,sum,524289,500000,random,before,0,44.3992,15.3191,12014905189528964679,97088
gcc-release,dst,sum,524289,500000,random,after,0,50.9653,19.0789,12014905189528964679,93272
gcc-release,dst,sum,524289,500000,random,after,1,42.3455,6.926,12014905189528964679,93276
gcc-release,dst,sum,524289,500000,random,before,1,31.7064,5.94027,12014905189528964679,97128
gcc-release,dst,sum,524289,500000,random,before,2,58.3844,13.0766,12014905189528964679,97172
gcc-release,dst,sum,524289,500000,random,after,2,28.3768,7.31367,12014905189528964679,93272
gcc-release,dst,sum,524289,500000,random,after,3,27.7121,7.02606,12014905189528964679,93120
gcc-release,dst,sum,524289,500000,random,before,3,29.2058,6.15039,12014905189528964679,97180
gcc-release,dst,sum,524289,500000,random,before,4,29.6457,6.76286,12014905189528964679,97012
gcc-release,dst,sum,524289,500000,random,after,4,27.1013,6.68039,12014905189528964679,93176
gcc-release,dst,sum,524289,500000,random,after,5,26.7931,6.25936,12014905189528964679,93116
gcc-release,dst,sum,524289,500000,random,before,5,30.2906,5.74671,12014905189528964679,97172
gcc-release,dst,sum,524289,500000,short,before,0,29.0031,5.22971,6593724044195525849,97168
gcc-release,dst,sum,524289,500000,short,after,0,42.1577,13.9085,6593724044195525849,93176
gcc-release,dst,sum,524289,500000,short,after,1,41.6881,11.3172,6593724044195525849,93232
gcc-release,dst,sum,524289,500000,short,before,1,37.7502,6.50655,6593724044195525849,97168
gcc-release,dst,sum,524289,500000,short,before,2,31.6541,5.7112,6593724044195525849,97136
gcc-release,dst,sum,524289,500000,short,after,2,27.0805,5.78643,6593724044195525849,93248
gcc-release,dst,sum,524289,500000,short,after,3,46.3028,9.2617,6593724044195525849,93284
gcc-release,dst,sum,524289,500000,short,before,3,29.4185,5.91293,6593724044195525849,97320
gcc-release,dst,sum,524289,500000,short,before,4,28.6976,6.54565,6593724044195525849,97372
gcc-release,dst,sum,524289,500000,short,after,4,26.9692,6.70998,6593724044195525849,93216
gcc-release,dst,sum,524289,500000,short,after,5,47.6798,6.60319,6593724044195525849,93280
gcc-release,dst,sum,524289,500000,short,before,5,29.9668,6.13624,6593724044195525849,97172
gcc-release,dst,sum,524289,100,random,before,0,30.0637,0.003013,8314412208803132849,93244
gcc-release,dst,sum,524289,100,random,after,0,26.6668,0.003415,8314412208803132849,89344
gcc-release,dst,sum,524289,100,random,after,1,57.6787,0.004822,8314412208803132849,89340
gcc-release,dst,sum,524289,100,random,before,1,50.9787,0.003598,8314412208803132849,93236
gcc-release,dst,sum,524289,100,random,before,2,29.3245,0.004193,8314412208803132849,93280
gcc-release,dst,sum,524289,100,random,after,2,27.7797,0.003149,8314412208803132849,89380
gcc-release,dst,sum,524289,100,random,after,3,27.4761,0.00321,8314412208803132849,89360
gcc-release,dst,sum,524289,100,random,before,3,50.9863,0.004567,8314412208803132849,93180
gcc-release,dst,sum,524289,100,random,before,4,30.7073,0.004052,8314412208803132849,93236
gcc-release,dst,sum,524289,100,random,after,4,27.3319,0.003775,8314412208803132849,89360
gcc-release,dst,sum,524289,100,random,after,5,29.3408,0.003598,8314412208803132849,89348
gcc-release,dst,sum,524289,100,random,before,5,30.8949,0.003513,8314412208803132849,93276
gcc-release,dst,affine,524289,500000,random,before,0,82.6935,12.4669,11860631975963514010,191496
gcc-release,dst,affine,524289,500000,random,after,0,45.7927,9.0272,11860631975963514010,183116
gcc-release,dst,affine,524289,500000,random,after,1,46.0356,9.46668,11860631975963514010,183232
gcc-release,dst,affine,524289,500000,random,before,1,63.3742,18.8576,11860631975963514010,191508
gcc-release,dst,affine,524289,500000,random,before,2,59.632,9.58995,11860631975963514010,191528
gcc-release,dst,affine,524289,500000,random,after,2,54.4639,10.1906,11860631975963514010,183280
gcc-release,dst,affine,524289,500000,random,after,3,49.8542,10.6874,11860631975963514010,183280
gcc-release,dst,affine,524289,500000,random,before,3,51.4512,9.29227,11860631975963514010,191524
gcc-release,dst,affine,524289,500000,random,before,4,51.0004,11.4401,11860631975963514010,191368
gcc-release,dst,affine,524289,500000,random,after,4,45.5959,9.25775,11860631975963514010,183192
gcc-release,dst,affine,524289,500000,random,after,5,44.9,9.22307,11860631975963514010,183188
gcc-release,dst,affine,524289,500000,random,before,5,46.0979,9.0038,11860631975963514010,191372
gcc-release,dst,affine,524289,500000,short,before,0,47.9817,7.74141,15076505305736607098,191532
gcc-release,dst,affine,524289,500000,short,after,0,43.6351,8.04765,15076505305736607098,183232
gcc-release,dst,affine,524289,500000,short,after,1,43.4167,9.72075,15076505305736607098,183236
gcc-release,dst,affine,524289,500000,short,before,1,53.3709,9.75061,15076505305736607098,191372
gcc-release,dst,affine,524289,500000,short,before,2,54.2841,9.99725,15076505305736607098,191372
gcc-release,dst,affine,524289,500000,short,after,2,79.3876,10.2319,15076505305736607098,183280
gcc-release,dst,affine,524289,500000,short,after,3,51.481,10.0866,15076505305736607098,183236
gcc-release,dst,affine,524289,500000,short,before,3,54.7058,9.77301,15076505305736607098,191368
gcc-release,dst,affine,524289,500000,short,before,4,54.6137,9.45343,15076505305736607098,191372
gcc-release,dst,affine,524289,500000,short,after,4,50.8395,10.1187,15076505305736607098,183172
gcc-release,dst,affine,524289,500000,short,after,5,50.3337,10.056,15076505305736607098,183284
gcc-release,dst,affine,524289,500000,short,before,5,53.5321,9.76627,15076505305736607098,191536
gcc-release,dst,affine,524289,100,random,before,0,51.5547,0.005711,14275789214696131822,187712
gcc-release,dst,affine,524289,100,random,after,0,50.8151,0.008155,14275789214696131822,179332
gcc-release,dst,affine,524289,100,random,after,1,50.2987,0.005726,14275789214696131822,179364
gcc-release,dst,affine,524289,100,random,before,1,50.9377,0.005297,14275789214696131822,187636
gcc-release,dst,affine,524289,100,random,before,2,52.2586,0.005493,14275789214696131822,187636
gcc-release,dst,affine,524289,100,random,after,2,50.7237,0.005595,14275789214696131822,179364
gcc-release,dst,affine,524289,100,random,after,3,50.0022,0.007762,14275789214696131822,179616
gcc-release,dst,affine,524289,100,random,before,3,51.4582,0.0054,14275789214696131822,187636
gcc-release,dst,affine,524289,100,random,before,4,52.6504,0.005335,14275789214696131822,187640
gcc-release,dst,affine,524289,100,random,after,4,49.8888,0.005739,14275789214696131822,179380
gcc-release,dst,affine,524289,100,random,after,5,53.0382,0.005406,14275789214696131822,179260
gcc-release,dst,affine,524289,100,random,before,5,52.4926,0.004892,14275789214696131822,187632
gcc-release,dst,matrix,524289,500000,random,before,0,174.344,16.3513,16028233840536679478,371564
gcc-release,dst,matrix,524289,500000,random,after,0,136.631,16.6084,16028233840536679478,355232
gcc-release,dst,matrix,524289,500000,random,after,1,172.74,17.1161,16028233840536679478,355232
gcc-release,dst,matrix,524289,500000,random,before,1,137.499,13.7178,16028233840536679478,371612
gcc-release,dst,matrix,524289,500000,random,before,2,129.565,13.7082,16028233840536679478,371656
gcc-release,dst,matrix,524289,500000,random,after,2,125.32,13.7496,16028233840536679478,355332
gcc-release,dst,matrix,524289,500000,random,after,3,127.907,13.2676,16028233840536679478,355136
gcc-release,dst,matrix,524289,500000,random,before,3,136.801,13.9623,16028233840536679478,371692
gcc-release,dst,matrix,524289,500000,random,before,4,136.038,14.1636,16028233840536679478,371676
gcc-release,dst,matrix,524289,500000,random,after,4,133.21,14.6565,16028233840536679478,355100
gcc-release,dst,matrix,524289,500000,random,after,5,128.697,15.5759,16028233840536679478,355232
gcc-release,dst,matrix,524289,500000,random,before,5,129.124,13.8768,16028233840536679478,371656
gcc-release,dst,matrix,524289,500000,short,before,0,133.219,13.7899,10935118516001891810,371496
gcc-release,dst,matrix,524289,500000,short,after,0,133.973,14.6905,10935118516001891810,355196
gcc-release,dst,matrix,524289,500000,short,after,1,156.279,13.7536,10935118516001891810,355216
gcc-release,dst,matrix,524289,500000,short,before,1,131.108,14.5011,10935118516001891810,371552
gcc-release,dst,matrix,524289,500000,short,before,2,131.244,14.3121,10935118516001891810,371576
gcc-release,dst,matrix,524289,500000,short,after,2,125.635,13.0962,10935118516001891810,355076
gcc-release,dst,matrix,524289,500000,short,after,3,125.408,13.3877,10935118516001891810,355196
gcc-release,dst,matrix,524289,500000,short,before,3,130.896,15.3579,10935118516001891810,371660
gcc-release,dst,matrix,524289,500000,short,before,4,138.969,14.8492,10935118516001891810,371660
gcc-release,dst,matrix,524289,500000,short,after,4,131.124,13.8607,10935118516001891810,355232
gcc-release,dst,matrix,524289,500000,short,after,5,129.494,14.1473,10935118516001891810,355224
gcc-release,dst,matrix,524289,500000,short,before,5,133.906,13.6392,10935118516001891810,371660
gcc-release,dst,matrix,524289,100,random,before,0,135.892,0.00802,10901229608125078770,367776
gcc-release,dst,matrix,524289,100,random,after,0,135.309,0.007433,10901229608125078770,351468
gcc-release,dst,matrix,524289,100,random,after,1,129.295,0.007468,10901229608125078770,351304
gcc-release,dst,matrix,524289,100,random,before,1,144.802,0.007441,10901229608125078770,367736
gcc-release,dst,matrix,524289,100,random,before,2,132.779,0.007366,10901229608125078770,367768
gcc-release,dst,matrix,524289,100,random,after,2,130.89,0.007169,10901229608125078770,351300
gcc-release,dst,matrix,524289,100,random,after,3,129.535,0.006258,10901229608125078770,351348
gcc-release,dst,matrix,524289,100,random,before,3,128.865,0.00682,10901229608125078770,367764
gcc-release,dst,matrix,524289,100,random,before,4,132.595,0.00766,10901229608125078770,367752
gcc-release,dst,matrix,524289,100,random,after,4,134.906,0.007449,10901229608125078770,351340
gcc-release,dst,matrix,524289,100,random,after,5,134.028,0.008279,10901229608125078770,351292
gcc-release,dst,matrix,524289,100,random,before,5,136.93,0.007906,10901229608125078770,367764
clang-release,linear,min,500000,500000,random,before,0,7.34627,17.6515,18090683972228591405,20392
clang-release,linear,min,500000,500000,random,after,0,6.40373,17.7173,18090683972228591405,18524
clang-release,linear,min,500000,500000,random,after,1,6.29203,13.2683,18090683972228591405,18636
clang-release,linear,min,500000,500000,random,before,1,7.6672,18.8694,18090683972228591405,20468
clang-release,linear,min,500000,500000,random,before,2,7.27853,17.5672,18090683972228591405,20500
clang-release,linear,min,500000,500000,random,after,2,6.68281,14.4679,18090683972228591405,18496
clang-release,linear,min,500000,500000,random,after,3,6.54685,14.016,18090683972228591405,18492
clang-release,linear,min,500000,500000,random,before,3,7.89143,27.5519,18090683972228591405,20408
clang-release,linear,min,500000,500000,random,before,4,7.30656,18.6126,18090683972228591405,20496
clang-release,linear,min,500000,500000,random,after,4,6.41675,13.5511,18090683972228591405,18460
clang-release,linear,min,500000,500000,random,after,5,6.35029,14.762,18090683972228591405,18588
clang-release,linear,min,500000,500000,random,before,5,7.55396,17.8392,18090683972228591405,20444
clang-release,linear,min,500000,500000,short,before,0,7.65688,9.90432,5444751125772734940,20432
clang-release,linear,min,500000,500000,short,after,0,6.51626,5.27315,5444751125772734940,18392
clang-release,linear,min,500000,500000,short,after,1,7.23047,5.77637,5444751125772734940,18392
clang-release,linear,min,500000,500000,short,before,1,8.01196,9.99541,5444751125772734940,20408
clang-release,linear,min,500000,500000,short,before,2,7.99332,10.3727,5444751125772734940,20484
clang-release,linear,min,500000,500000,short,after,2,6.51703,5.63039,5444751125772734940,18464
clang-release,linear,min,500000,500000,short,after,3,6.61982,5.18203,5444751125772734940,18560
clang-release,linear,min,500000,500000,short,before,3,7.78631,10.2498,5444751125772734940,20420
clang-release,linear,min,500000,500000,short,before,4,8.28928,10.1271,5444751125772734940,20396
clang-release,linear,min,500000,500000,short,after,4,6.47621,6.09688,5444751125772734940,18540
clang-release,linear,min,500000,500000,short,after,5,6.27075,6.01725,5444751125772734940,18524
clang-release,linear,min,500000,500000,short,before,5,7.677,10.1252,5444751125772734940,20496
clang-release,linear,min,500000,500000,equal,before,0,4.8288,14.9207,3454424156253527828,20372
clang-release,linear,min,500000,500000,equal,after,0,3.86308,11.1055,3454424156253527828,18532
clang-release,linear,min,500000,500000,equal,after,1,4.22084,11.3786,3454424156253527828,18536
clang-release,linear,min,500000,500000,equal,before,1,4.67131,9.92498,3454424156253527828,20436
clang-release,linear,min,500000,500000,equal,before,2,4.88683,9.18063,3454424156253527828,20432
clang-release,linear,min,500000,500000,equal,after,2,3.66274,11.6313,3454424156253527828,18460
clang-release,linear,min,500000,500000,equal,after,3,3.89546,9.60995,3454424156253527828,18476
clang-release,linear,min,500000,500000,equal,before,3,4.40646,9.18433,3454424156253527828,20496
clang-release,linear,min,500000,500000,equal,before,4,5.31552,10.501,3454424156253527828,20552
clang-release,linear,min,500000,500000,equal,after,4,3.65658,8.66339,3454424156253527828,18536
clang-release,linear,min,500000,500000,equal,after,5,3.80537,10.3588,3454424156253527828,18492
clang-release,linear,min,500000,500000,equal,before,5,4.73787,9.0754,3454424156253527828,20476
clang-release,linear,min,500000,500000,ascending,before,0,4.25277,7.25841,3454424156253527828,20356
clang-release,linear,min,500000,500000,ascending,after,0,3.53804,9.28122,3454424156253527828,18504
clang-release,linear,min,500000,500000,ascending,after,1,3.72369,9.07717,3454424156253527828,18564
clang-release,linear,min,500000,500000,ascending,before,1,4.33073,8.63981,3454424156253527828,20404
clang-release,linear,min,500000,500000,ascending,before,2,4.33343,8.01033,3454424156253527828,20436
clang-release,linear,min,500000,500000,ascending,after,2,3.79395,8.73397,3454424156253527828,18472
clang-release,linear,min,500000,500000,ascending,after,3,3.60566,8.7656,3454424156253527828,18524
clang-release,linear,min,500000,500000,ascending,before,3,4.25578,7.91485,3454424156253527828,20356
clang-release,linear,min,500000,500000,ascending,before,4,4.6602,9.29136,3454424156253527828,20392
clang-release,linear,min,500000,500000,ascending,after,4,3.63237,8.7837,3454424156253527828,18460
clang-release,linear,min,500000,500000,ascending,after,5,3.73938,8.88992,3454424156253527828,18524
clang-release,linear,min,500000,500000,ascending,before,5,5.18133,7.59079,3454424156253527828,20432
clang-release,linear,min,500000,500000,descending,before,0,4.42917,8.81628,17269065117241543990,20488
clang-release,linear,min,500000,500000,descending,after,0,3.77065,8.62255,17269065117241543990,18460
clang-release,linear,min,500000,500000,descending,after,1,3.76635,9.93363,17269065117241543990,18500
clang-release,linear,min,500000,500000,descending,before,1,4.6644,7.87296,17269065117241543990,20544
clang-release,linear,min,500000,500000,descending,before,2,4.31626,7.68443,17269065117241543990,20392
clang-release,linear,min,500000,500000,descending,after,2,3.75528,9.82606,17269065117241543990,18584
clang-release,linear,min,500000,500000,descending,after,3,4.71743,12.8402,17269065117241543990,18472
clang-release,linear,min,500000,500000,descending,before,3,4.4009,7.20569,17269065117241543990,20392
clang-release,linear,min,500000,500000,descending,before,4,4.15308,7.33041,17269065117241543990,20388
clang-release,linear,min,500000,500000,descending,after,4,3.54776,9.15644,17269065117241543990,18520
clang-release,linear,min,500000,500000,descending,after,5,3.81004,9.06731,17269065117241543990,18472
clang-release,linear,min,500000,500000,descending,before,5,4.24663,7.31988,17269065117241543990,20444
clang-release,sqrt,min,500000,500000,random,before,0,27.2379,6.70312,14290619282437651446,81172
clang-release,sqrt,min,500000,500000,random,after,0,14.2618,6.44072,14290619282437651446,66264
clang-release,sqrt,min,500000,500000,random,after,1,15.3384,13.4841,14290619282437651446,66208
clang-release,sqrt,min,500000,500000,random,before,1,21.0098,6.82918,14290619282437651446,81784
clang-release,sqrt,min,500000,500000,random,before,2,18.4568,6.64832,14290619282437651446,80496
clang-release,sqrt,min,500000,500000,random,after,2,14.0647,6.74523,14290619282437651446,66296
clang-release,sqrt,min,500000,500000,random,after,3,14.9785,6.66525,14290619282437651446,66156
clang-release,sqrt,min,500000,500000,random,before,3,17.9099,6.38561,14290619282437651446,81100
clang-release,sqrt,min,500000,500000,random,before,4,17.855,6.39467,14290619282437651446,81540
clang-release,sqrt,min,500000,500000,random,after,4,14.4601,6.99333,14290619282437651446,66204
clang-release,sqrt,min,500000,500000,random,after,5,14.3205,6.31859,14290619282437651446,66260
clang-release,sqrt,min,500000,500000,random,before,5,17.9925,6.19127,14290619282437651446,80632
clang-release,sqrt,sum,500000,500000,random,before,0,18.2201,6.36778,17032039528712304763,82360
clang-release,sqrt,sum,500000,500000,random,after,0,13.2067,5.9706,17032039528712304763,66340
clang-release,sqrt,sum,500000,500000,random,after,1,13.3412,6.33896,17032039528712304763,66196
clang-release,sqrt,sum,500000,500000,random,before,1,19.2694,6.88358,17032039528712304763,82304
clang-release,sqrt,sum,500000,500000,random,before,2,18.8094,7.47975,17032039528712304763,82260
clang-release,sqrt,sum,500000,500000,random,after,2,16.5688,6.72769,17032039528712304763,66264
clang-release,sqrt,sum,500000,500000,random,after,3,13.014,5.78365,17032039528712304763,66292
clang-release,sqrt,sum,500000,500000,random,before,3,17.6426,6.39067,17032039528712304763,80364
clang-release,sqrt,sum,500000,500000,random,before,4,17.9131,6.16352,17032039528712304763,82316
clang-release,sqrt,sum,500000,500000,random,after,4,14.032,7.35706,17032039528712304763,66212
clang-release,sqrt,sum,500000,500000,random,after,5,14.3109,6.45775,17032039528712304763,66252
clang-release,sqrt,sum,500000,500000,random,before,5,18.0326,6.35861,17032039528712304763,80544
clang-release,sqrt,affine,500000,500000,random,before,0,55.2375,11.4655,11025557265200150944,159012
clang-release,sqrt,affine,500000,500000,random,after,0,27.6456,11.0568,11025557265200150944,129400
clang-release,sqrt,affine,500000,500000,random,after,1,29.0745,12.6186,11025557265200150944,129488
clang-release,sqrt,affine,500000,500000,random,before,1,33.21,11.6025,11025557265200150944,159264
clang-release,sqrt,affine,500000,500000,random,before,2,34.6129,11.9856,11025557265200150944,158628
clang-release,sqrt,affine,500000,500000,random,after,2,27.1055,13.7211,11025557265200150944,129388
clang-release,sqrt,affine,500000,500000,random,after,3,25.8133,11.2752,11025557265200150944,129416
clang-release,sqrt,affine,500000,500000,random,before,3,35.8823,11.3173,11025557265200150944,159152
clang-release,sqrt,affine,500000,500000,random,before,4,51.0983,25.5863,11025557265200150944,158844
clang-release,sqrt,affine,500000,500000,random,after,4,39.1068,12.6409,11025557265200150944,129196
clang-release,sqrt,affine,500000,500000,random,after,5,25.4848,12.3577,11025557265200150944,129456
clang-release,sqrt,affine,500000,500000,random,before,5,34.3638,11.4373,11025557265200150944,158388
clang-release,sqrt,matrix,500000,500000,random,before,0,151.122,19.1305,12536137626927728898,304868
clang-release,sqrt,matrix,500000,500000,random,after,0,50.8702,21.6948,12536137626927728898,247928
clang-release,sqrt,matrix,500000,500000,random,after,1,89.825,37.8163,12536137626927728898,248008
clang-release,sqrt,matrix,500000,500000,random,before,1,64.4842,21.1429,12536137626927728898,306404
clang-release,sqrt,matrix,500000,500000,random,before,2,88.3487,49.4389,12536137626927728898,306140
clang-release,sqrt,matrix,500000,500000,random,after,2,47.586,19.163,12536137626927728898,247996
clang-release,sqrt,matrix,500000,500000,random,after,3,47.143,18.9095,12536137626927728898,247780
clang-release,sqrt,matrix,500000,500000,random,before,3,106.894,24.2177,12536137626927728898,305192
clang-release,sqrt,matrix,500000,500000,random,before,4,68.7471,22.2787,12536137626927728898,306280
clang-release,sqrt,matrix,500000,500000,random,after,4,63.6532,40.6604,12536137626927728898,247984
clang-release,sqrt,matrix,500000,500000,random,after,5,63.6649,23.99,12536137626927728898,248008
clang-release,sqrt,matrix,500000,500000,random,before,5,65.4878,23.3563,12536137626927728898,305480
clang-release,dst,min,500000,500000,random,before,0,55.4408,17.9135,14290619282437651446,89112
clang-release,dst,min,500000,500000,random,after,0,35.2768,8.63083,14290619282437651446,85120
clang-release,dst,min,500000,500000,random,after,1,29.0695,7.82132,14290619282437651446,85152
clang-release,dst,min,500000,500000,random,before,1,30.0109,7.08506,14290619282437651446,89152
clang-release,dst,min,500000,500000,random,before,2,45.0698,16.4324,14290619282437651446,89084
clang-release,dst,min,500000,500000,random,after,2,50.0892,10.692,14290619282437651446,85248
clang-release,dst,min,500000,500000,random,after,3,29.969,7.16061,14290619282437651446,85252
clang-release,dst,min,500000,500000,random,before,3,30.1096,6.38127,14290619282437651446,89192
clang-release,dst,min,500000,500000,random,before,4,40.8041,9.78073,14290619282437651446,89108
clang-release,dst,min,500000,500000,random,after,4,50.0512,14.9512,14290619282437651446,85232
clang-release,dst,min,500000,500000,random,after,5,29.1785,6.42367,14290619282437651446,85324
clang-release,dst,min,500000,500000,random,before,5,29.0036,6.2354,14290619282437651446,89224
clang-release,dst,sum,500000,500000,random,before,0,26.3657,5.11069,17032039528712304763,89144
clang-release,dst,sum,500000,500000,random,after,0,50.8879,11.3797,17032039528712304763,85208
clang-release,dst,sum,500000,500000,random,after,1,34.8301,6.74643,17032039528712304763,85188
clang-release,dst,sum,500000,500000,random,before,1,28.6092,6.11289,17032039528712304763,89188
clang-release,dst,sum,500000,500000,random,before,2,26.4633,5.74993,17032039528712304763,89160
clang-release,dst,sum,500000,500000,random,after,2,25.9314,10.5068,17032039528712304763,85240
clang-release,dst,sum,500000,500000,random,after,3,43.4868,7.91467,17032039528712304763,85212
clang-release,dst,sum,500000,500000,random,before,3,28.2026,5.0351,17032039528712304763,89228
clang-release,dst,sum,500000,500000,random,before,4,25.9093,5.24494,17032039528712304763,89156
clang-release,dst,sum,500000,500000,random,after,4,27.2363,5.58176,17032039528712304763,85220
clang-release,dst,sum,500000,500000,random,after,5,26.3734,6.97453,17032039528712304763,85344
clang-release,dst,sum,500000,500000,random,before,5,27.2868,5.73113,17032039528712304763,89128
clang-release,dst,affine,500000,500000,random,before,0,47.9225,10.3028,11025557265200150944,175040
clang-release,dst,affine,500000,500000,random,after,0,41.1961,9.70289,11025557265200150944,167296
clang-release,dst,affine,500000,500000,random,after,1,42.6375,10.0464,11025557265200150944,167244
clang-release,dst,affine,500000,500000,random,before,1,44.2298,10.3559,11025557265200150944,175100
clang-release,dst,affine,500000,500000,random,before,2,42.9204,9.09026,11025557265200150944,175004
clang-release,dst,affine,500000,500000,random,after,2,41.8176,9.39599,11025557265200150944,167248
clang-release,dst,affine,500000,500000,random,after,3,40.8493,9.28808,11025557265200150944,167276
clang-release,dst,affine,500000,500000,random,before,3,47.0867,9.45469,11025557265200150944,175032
clang-release,dst,affine,500000,500000,random,before,4,44.0385,9.46624,11025557265200150944,175036
clang-release,dst,affine,500000,500000,random,after,4,41.1602,9.27581,11025557265200150944,167288
clang-release,dst,affine,500000,500000,random,after,5,43.0031,8.92977,11025557265200150944,167236
clang-release,dst,affine,500000,500000,random,before,5,44.7381,8.92999,11025557265200150944,175036
clang-release,dst,matrix,500000,500000,random,before,0,165.274,14.6401,12536137626927728898,339176
clang-release,dst,matrix,500000,500000,random,after,0,122.89,14.289,12536137626927728898,323552
clang-release,dst,matrix,500000,500000,random,after,1,124.935,14.4975,12536137626927728898,323308
clang-release,dst,matrix,500000,500000,random,before,1,124.942,14.3095,12536137626927728898,339084
clang-release,dst,matrix,500000,500000,random,before,2,121.956,14.7454,12536137626927728898,339200
clang-release,dst,matrix,500000,500000,random,after,2,118.666,13.6335,12536137626927728898,323456
clang-release,dst,matrix,500000,500000,random,after,3,119.014,15.0197,12536137626927728898,323524
clang-release,dst,matrix,500000,500000,random,before,3,126.883,14.9417,12536137626927728898,339108
clang-release,dst,matrix,500000,500000,random,before,4,128.558,14.2524,12536137626927728898,339060
clang-release,dst,matrix,500000,500000,random,after,4,130.29,15.9412,12536137626927728898,323424
clang-release,dst,matrix,500000,500000,random,after,5,127.428,15.264,12536137626927728898,323556
clang-release,dst,matrix,500000,500000,random,before,5,127.112,14.3837,12536137626927728898,339112
clang-release,linear,min,524289,500000,random,before,0,7.47588,14.8042,13671779831198670799,20792
clang-release,linear,min,524289,500000,random,after,0,6.45459,11.2538,13671779831198670799,19512
clang-release,linear,min,524289,500000,random,after,1,6.409,9.88913,13671779831198670799,19492
clang-release,linear,min,524289,500000,random,before,1,21.0967,15.0906,13671779831198670799,20680
clang-release,linear,min,524289,500000,random,before,2,7.27454,14.1262,13671779831198670799,20716
clang-release,linear,min,524289,500000,random,after,2,6.6806,9.83521,13671779831198670799,19432
clang-release,linear,min,524289,500000,random,after,3,6.84783,10.9591,13671779831198670799,19564
clang-release,linear,min,524289,500000,random,before,3,7.47528,14.1911,13671779831198670799,20732
clang-release,linear,min,524289,500000,random,before,4,7.43419,14.2282,13671779831198670799,20728
clang-release,linear,min,524289,500000,random,after,4,6.83263,13.0804,13671779831198670799,19572
clang-release,linear,min,524289,500000,random,after,5,6.67312,10.3489,13671779831198670799,19512
clang-release,linear,min,524289,500000,random,before,5,7.43056,15.1926,13671779831198670799,20792
clang-release,linear,min,524289,500000,short,before,0,7.60787,9.47234,14492130117152109548,20696
clang-release,linear,min,524289,500000,short,after,0,7.32405,4.91392,14492130117152109548,19560
clang-release,linear,min,524289,500000,short,after,1,7.00714,4.84455,14492130117152109548,19468
clang-release,linear,min,524289,500000,short,before,1,8.32831,8.59065,14492130117152109548,20680
clang-release,linear,min,524289,500000,short,before,2,7.66101,7.54967,14492130117152109548,20752
clang-release,linear,min,524289,500000,short,after,2,6.49235,3.84644,14492130117152109548,19568
clang-release,linear,min,524289,500000,short,after,3,6.6108,3.50225,14492130117152109548,19556
clang-release,linear,min,524289,500000,short,before,3,7.83869,9.49885,14492130117152109548,20804
clang-release,linear,min,524289,500000,short,before,4,7.54695,7.60175,14492130117152109548,20748
clang-release,linear,min,524289,500000,short,after,4,6.49929,3.82735,14492130117152109548,19516
clang-release,linear,min,524289,500000,short,after,5,6.50432,3.88946,14492130117152109548,19556
clang-release,linear,min,524289,500000,short,before,5,7.91719,8.94374,14492130117152109548,20684
clang-release,linear,min,524289,500000,equal,before,0,4.42224,9.46848,16692229528249448416,20708
clang-release,linear,min,524289,500000,equal,after,0,3.83812,10.6278,16692229528249448416,19624
clang-release,linear,min,524289,500000,equal,after,1,4.005,9.84807,16692229528249448416,19452
clang-release,linear,min,524289,500000,equal,before,1,4.31731,9.6574,16692229528249448416,20668
clang-release,linear,min,524289,500000,equal,before,2,4.39994,10.2548,16692229528249448416,20676
clang-release,linear,min,524289,500000,equal,after,2,4.14382,9.32436,16692229528249448416,19400
clang-release,linear,min,524289,500000,equal,after,3,3.97815,8.61236,16692229528249448416,19452
clang-release,linear,min,524289,500000,equal,before,3,4.23286,8.45406,16692229528249448416,20756
clang-release,linear,min,524289,500000,equal,before,4,4.41054,11.2747,16692229528249448416,20856
clang-release,linear,min,524289,500000,equal,after,4,4.09818,11.3379,16692229528249448416,19492
clang-release,linear,min,524289,500000,equal,after,5,4.02185,8.62364,16692229528249448416,19556
clang-release,linear,min,524289,500000,equal,before,5,4.32507,10.3476,16692229528249448416,20744
clang-release,linear,min,524289,500000,ascending,before,0,4.58522,7.79779,16692229528249448416,20712
clang-release,linear,min,524289,500000,ascending,after,0,3.88618,12.7209,16692229528249448416,19464
clang-release,linear,min,524289,500000,ascending,after,1,4.11291,11.4171,16692229528249448416,19556
clang-release,linear,min,524289,500000,ascending,before,1,5.39421,10.6625,16692229528249448416,20700
clang-release,linear,min,524289,500000,ascending,before,2,4.38711,8.49558,16692229528249448416,20740
clang-release,linear,min,524289,500000,ascending,after,2,3.69576,10.6864,16692229528249448416,19620
clang-release,linear,min,524289,500000,ascending,after,3,4.00848,8.91067,16692229528249448416,19464
clang-release,linear,min,524289,500000,ascending,before,3,4.59024,8.44037,16692229528249448416,20788
clang-release,linear,min,524289,500000,ascending,before,4,4.75278,10.272,16692229528249448416,20856
clang-release,linear,min,524289,500000,ascending,after,4,3.89343,9.00339,16692229528249448416,19496
clang-release,linear,min,524289,500000,ascending,after,5,3.81691,8.93838,16692229528249448416,19560
clang-release,linear,min,524289,500000,ascending,before,5,4.36484,7.57929,16692229528249448416,20804
clang-release,linear,min,524289,500000,descending,before,0,17.6894,9.44678,9361325247145790409,20780
clang-release,linear,min,524289,500000,descending,after,0,3.93278,9.01446,9361325247145790409,19476
clang-release,linear,min,524289,500000,descending,after,1,3.59527,10.9936,9361325247145790409,19620
clang-release,linear,min,524289,500000,descending,before,1,4.03287,7.25448,9361325247145790409,20744
clang-release,linear,min,524289,500000,descending,before,2,4.34403,7.01855,9361325247145790409,20700
clang-release,linear,min,524289,500000,descending,after,2,3.91784,8.46162,9361325247145790409,19464
clang-release,linear,min,524289,500000,descending,after,3,3.70982,9.60178,9361325247145790409,19548
clang-release,linear,min,524289,500000,descending,before,3,4.78362,9.07056,9361325247145790409,20712
clang-release,linear,min,524289,500000,descending,before,4,4.41905,7.54371,9361325247145790409,20728
clang-release,linear,min,524289,500000,descending,after,4,3.83237,9.74977,9361325247145790409,19496
clang-release,linear,min,524289,500000,descending,after,5,4.20851,8.93141,9361325247145790409,19552
clang-release,linear,min,524289,500000,descending,before,5,4.81196,8.09179,9361325247145790409,20728
clang-release,sqrt,min,524289,500000,random,before,0,53.9887,7.41225,5432412596779352430,146488
clang-release,sqrt,min,524289,500000,random,after,0,15.5323,8.68023,5432412596779352430,80896
clang-release,sqrt,min,524289,500000,random,after,1,17.5353,8.04471,5432412596779352430,80820
clang-release,sqrt,min,524289,500000,random,before,1,36.5468,7.71348,5432412596779352430,146392
clang-release,sqrt,min,524289,500000,random,before,2,33.3714,9.22731,5432412596779352430,146468
clang-release,sqrt,min,524289,500000,random,after,2,16.3554,7.0845,5432412596779352430,80964
clang-release,sqrt,min,524289,500000,random,after,3,18.0973,8.8959,5432412596779352430,80832
clang-release,sqrt,min,524289,500000,random,before,3,34.6644,7.34438,5432412596779352430,146392
clang-release,sqrt,min,524289,500000,random,before,4,35.2556,8.32318,5432412596779352430,146360
clang-release,sqrt,min,524289,500000,random,after,4,17.6202,10.3276,5432412596779352430,80848
clang-release,sqrt,min,524289,500000,random,after,5,17.9515,8.74858,5432412596779352430,80772
clang-release,sqrt,min,524289,500000,random,before,5,35.7326,8.36094,5432412596779352430,146356
clang-release,sqrt,sum,524289,500000,random,before,0,35.0038,7.92294,12014905189528964679,146356
clang-release,sqrt,sum,524289,500000,random,after,0,17.3462,7.61686,12014905189528964679,80832
clang-release,sqrt,sum,524289,500000,random,after,1,16.1987,7.22092,12014905189528964679,80892
clang-release,sqrt,sum,524289,500000,random,before,1,33.6583,7.93787,12014905189528964679,146300
clang-release,sqrt,sum,524289,500000,random,before,2,32.9417,6.33218,12014905189528964679,146468
clang-release,sqrt,sum,524289,500000,random,after,2,16.4797,8.28722,12014905189528964679,80804
clang-release,sqrt,sum,524289,500000,random,after,3,20.6024,8.59581,12014905189528964679,80892
clang-release,sqrt,sum,524289,500000,random,before,3,35.8167,7.23523,12014905189528964679,146312
clang-release,sqrt,sum,524289,500000,random,before,4,36.1352,7.50752,12014905189528964679,146468
clang-release,sqrt,sum,524289,500000,random,after,4,16.3645,7.52697,12014905189528964679,80768
clang-release,sqrt,sum,524289,500000,random,after,5,14.6895,7.85048,12014905189528964679,80780
clang-release,sqrt,sum,524289,500000,random,before,5,42.1173,8.09384,12014905189528964679,146520
clang-release,sqrt,affine,524289,500000,random,before,0,99.26,14.1811,11860631975963514010,289704
clang-release,sqrt,affine,524289,500000,random,after,0,34.1074,13.8322,11860631975963514010,158544
clang-release,sqrt,affine,524289,500000,random,after,1,54.1237,15.5004,11860631975963514010,158556
clang-release,sqrt,affine,524289,500000,random,before,1,102.866,13.0136,11860631975963514010,289688
clang-release,sqrt,affine,524289,500000,random,before,2,72.3551,13.0251,11860631975963514010,289788
clang-release,sqrt,affine,524289,500000,random,after,2,33.992,12.8822,11860631975963514010,158592
clang-release,sqrt,affine,524289,500000,random,after,3,31.4869,14.9278,11860631975963514010,158632
clang-release,sqrt,affine,524289,500000,random,before,3,64.7764,11.9165,11860631975963514010,289812
clang-release,sqrt,affine,524289,500000,random,before,4,62.8251,14.8595,11860631975963514010,289784
clang-release,sqrt,affine,524289,500000,random,after,4,37.739,12.8131,11860631975963514010,158640
clang-release,sqrt,affine,524289,500000,random,after,5,34.4896,14.993,11860631975963514010,158556
clang-release,sqrt,affine,524289,500000,random,before,5,63.1657,11.8183,11860631975963514010,289852
clang-release,sqrt,matrix,524289,500000,random,before,0,185.717,25.9833,16028233840536679478,568356
clang-release,sqrt,matrix,524289,500000,random,after,0,66.1689,26.685,16028233840536679478,305972
clang-release,sqrt,matrix,524289,500000,random,after,1,64.5443,28.3437,16028233840536679478,305980
clang-release,sqrt,matrix,524289,500000,random,before,1,138.954,26.1034,16028233840536679478,568364
clang-release,sqrt,matrix,524289,500000,random,before,2,137.511,25.5454,16028233840536679478,568360
clang-release,sqrt,matrix,524289,500000,random,after,2,77.6246,28.291,16028233840536679478,306716
clang-release,sqrt,matrix,524289,500000,random,after,3,70.4061,30.4373,16028233840536679478,306040
clang-release,sqrt,matrix,524289,500000,random,before,3,205.018,29.9611,16028233840536679478,568356
clang-release,sqrt,matrix,524289,500000,random,before,4,144.664,27.6441,16028233840536679478,568324
clang-release,sqrt,matrix,524289,500000,random,after,4,66.8616,28.5614,16028233840536679478,306044
clang-release,sqrt,matrix,524289,500000,random,after,5,75.6183,27.1941,16028233840536679478,305972
clang-release,sqrt,matrix,524289,500000,random,before,5,136.622,27.291,16028233840536679478,568420
clang-release,dst,min,524289,500000,random,before,0,37.01,7.75815,5432412596779352430,97028
clang-release,dst,min,524289,500000,random,after,0,33.3576,8.8746,5432412596779352430,93264
clang-release,dst,min,524289,500000,random,after,1,35.8037,8.89063,5432412596779352430,93268
clang-release,dst,min,524289,500000,random,before,1,37.3058,8.87072,5432412596779352430,97084
clang-release,dst,min,524289,500000,random,before,2,39.9882,8.49254,5432412596779352430,97200
clang-release,dst,min,524289,500000,random,after,2,36.9968,8.58116,5432412596779352430,93252
clang-release,dst,min,524289,500000,random,after,3,36.5305,9.56854,5432412596779352430,93236
clang-release,dst,min,524289,500000,random,before,3,41.4395,10.0881,5432412596779352430,97164
clang-release,dst,min,524289,500000,random,before,4,39.0766,7.17092,5432412596779352430,97108
clang-release,dst,min,524289,500000,random,after,4,38.8981,8.2052,5432412596779352430,93208
clang-release,dst,min,524289,500000,random,after,5,35.1554,6.97152,5432412596779352430,93212
clang-release,dst,min,524289,500000,random,before,5,39.4683,8.39168,5432412596779352430,97104
clang-release,dst,sum,524289,500000,random,before,0,34.478,6.31191,12014905189528964679,97104
clang-release,dst,sum,524289,500000,random,after,0,32.0559,6.72236,12014905189528964679,93228
clang-release,dst,sum,524289,500000,random,after,1,31.8686,7.87446,12014905189528964679,93248
clang-release,dst,sum,524289,500000,random,before,1,34.3625,6.5253,12014905189528964679,97084
clang-release,dst,sum,524289,500000,random,before,2,32.756,7.16072,12014905189528964679,97168
clang-release,dst,sum,524289,500000,random,after,2,43.6074,6.79669,12014905189528964679,93136
clang-release,dst,sum,524289,500000,random,after,3,32.0526,7.17608,12014905189528964679,93276
clang-release,dst,sum,524289,500000,random,before,3,36.7221,6.9548,12014905189528964679,97096
clang-release,dst,sum,524289,500000,random,before,4,34.4838,6.36448,12014905189528964679,97100
clang-release,dst,sum,524289,500000,random,after,4,31.6507,7.04258,12014905189528964679,93240
clang-release,dst,sum,524289,500000,random,after,5,34.0975,7.30328,12014905189528964679,93276
clang-release,dst,sum,524289,500000,random,before,5,36.4565,7.76064,12014905189528964679,97128
clang-release,dst,affine,524289,500000,random,before,0,54.8377,9.37899,11860631975963514010,191552
clang-release,dst,affine,524289,500000,random,after,0,50.5267,9.65969,11860631975963514010,183280
clang-release,dst,affine,524289,500000,random,after,1,49.8098,9.95351,11860631975963514010,183240
clang-release,dst,affine,524289,500000,random,before,1,50.5363,9.22738,11860631975963514010,191504
clang-release,dst,affine,524289,500000,random,before,2,50.2073,9.72079,11860631975963514010,191568
clang-release,dst,affine,524289,500000,random,after,2,52.6769,9.69522,11860631975963514010,183180
clang-release,dst,affine,524289,500000,random,after,3,49.5942,10.5081,11860631975963514010,183208
clang-release,dst,affine,524289,500000,random,before,3,55.4019,10.1103,11860631975963514010,191476
clang-release,dst,affine,524289,500000,random,before,4,51.5192,9.7509,11860631975963514010,191520
clang-release,dst,affine,524289,500000,random,after,4,49.4124,9.7423,11860631975963514010,183216
clang-release,dst,affine,524289,500000,random,after,5,53.0827,9.96104,11860631975963514010,183212
clang-release,dst,affine,524289,500000,random,before,5,54.4,9.59693,11860631975963514010,191480
clang-release,dst,matrix,524289,500000,random,before,0,157.71,15.4344,16028233840536679478,371516
clang-release,dst,matrix,524289,500000,random,after,0,142.876,17.3033,16028233840536679478,355180
clang-release,dst,matrix,524289,500000,random,after,1,172.061,16.3344,16028233840536679478,355148
clang-release,dst,matrix,524289,500000,random,before,1,162.032,15.8482,16028233840536679478,371520
clang-release,dst,matrix,524289,500000,random,before,2,160.144,15.5842,16028233840536679478,371660
clang-release,dst,matrix,524289,500000,random,after,2,142.272,15.025,16028233840536679478,355192
clang-release,dst,matrix,524289,500000,random,after,3,137.582,15.0029,16028233840536679478,355176
clang-release,dst,matrix,524289,500000,random,before,3,144.795,14.8689,16028233840536679478,371524
clang-release,dst,matrix,524289,500000,random,before,4,145.736,14.5963,16028233840536679478,371692
clang-release,dst,matrix,524289,500000,random,after,4,146.411,16.048,16028233840536679478,355200
clang-release,dst,matrix,524289,500000,random,after,5,144.721,14.6516,16028233840536679478,355408
clang-release,dst,matrix,524289,500000,random,before,5,147.368,17.8108,16028233840536679478,371684
gcc-assert,linear,min,500000,500000,random,before,0,8.64982,21.2968,18090683972228591405,20436
gcc-assert,linear,min,500000,500000,random,after,0,6.49023,14.5343,18090683972228591405,18448
gcc-assert,linear,min,500000,500000,random,after,1,6.70899,15.5698,18090683972228591405,18536
gcc-assert,linear,min,500000,500000,random,before,1,7.82869,21.8912,18090683972228591405,20600
gcc-assert,linear,min,500000,500000,random,before,2,7.50303,23.0684,18090683972228591405,20308
gcc-assert,linear,min,500000,500000,random,after,2,6.76424,28.1113,18090683972228591405,18512
gcc-assert,linear,min,500000,500000,random,after,3,7.59502,18.9448,18090683972228591405,18620
gcc-assert,linear,min,500000,500000,random,before,3,8.38985,27.0828,18090683972228591405,20372
gcc-assert,linear,min,500000,500000,random,before,4,9.62885,33.0078,18090683972228591405,20372
gcc-assert,linear,min,500000,500000,random,after,4,7.23535,21.7601,18090683972228591405,18552
gcc-assert,linear,min,500000,500000,random,after,5,7.78708,27.4782,18090683972228591405,18492
gcc-assert,linear,min,500000,500000,random,before,5,8.84515,30.2412,18090683972228591405,20348
gcc-assert,sqrt,min,500000,500000,random,before,0,33.3759,12.5167,14290619282437651446,82476
gcc-assert,sqrt,min,500000,500000,random,after,0,18.4876,12.4514,14290619282437651446,66280
gcc-assert,sqrt,min,500000,500000,random,after,1,19.5852,14.4526,14290619282437651446,66136
gcc-assert,sqrt,min,500000,500000,random,before,1,25.0312,13.5854,14290619282437651446,82152
gcc-assert,sqrt,min,500000,500000,random,before,2,22.6254,11.5049,14290619282437651446,82212
gcc-assert,sqrt,min,500000,500000,random,after,2,17.9321,11.0738,14290619282437651446,66368
gcc-assert,sqrt,min,500000,500000,random,after,3,17.5993,11.0841,14290619282437651446,66304
gcc-assert,sqrt,min,500000,500000,random,before,3,22.446,12.0592,14290619282437651446,80848
gcc-assert,sqrt,min,500000,500000,random,before,4,22.5202,12.0848,14290619282437651446,82316
gcc-assert,sqrt,min,500000,500000,random,after,4,27.2556,12.9605,14290619282437651446,66280
gcc-assert,sqrt,min,500000,500000,random,after,5,18.4329,11.505,14290619282437651446,66296
gcc-assert,sqrt,min,500000,500000,random,before,5,26.1773,10.6041,14290619282437651446,81116
gcc-assert,sqrt,affine,500000,500000,random,before,0,61.6073,16.6697,11025557265200150944,157960
gcc-assert,sqrt,affine,500000,500000,random,after,0,29.3522,17.0412,11025557265200150944,129444
gcc-assert,sqrt,affine,500000,500000,random,after,1,32.2967,16.7859,11025557265200150944,129212
gcc-assert,sqrt,affine,500000,500000,random,before,1,37.1408,13.8718,11025557265200150944,158408
gcc-assert,sqrt,affine,500000,500000,random,before,2,32.2144,13.0769,11025557265200150944,157884
gcc-assert,sqrt,affine,500000,500000,random,after,2,23.8871,13.8395,11025557265200150944,129276
gcc-assert,sqrt,affine,500000,500000,random,after,3,25.5081,17.0816,11025557265200150944,129424
gcc-assert,sqrt,affine,500000,500000,random,before,3,39.3063,18.0062,11025557265200150944,158352
gcc-assert,sqrt,affine,500000,500000,random,before,4,38.8519,17.2589,11025557265200150944,159148
gcc-assert,sqrt,affine,500000,500000,random,after,4,30.1692,16.9616,11025557265200150944,129368
gcc-assert,sqrt,affine,500000,500000,random,after,5,28.676,15.02,11025557265200150944,129220
gcc-assert,sqrt,affine,500000,500000,random,before,5,37.5199,16.7199,11025557265200150944,158088
gcc-assert,dst,min,500000,500000,random,before,0,33.0403,10.4608,14290619282437651446,89152
gcc-assert,dst,min,500000,500000,random,after,0,30.5205,10.407,14290619282437651446,85292
gcc-assert,dst,min,500000,500000,random,after,1,29.2658,11.006,14290619282437651446,85216
gcc-assert,dst,min,500000,500000,random,before,1,33.8392,10.0998,14290619282437651446,89188
gcc-assert,dst,min,500000,500000,random,before,2,32.0877,10.1006,14290619282437651446,89104
gcc-assert,dst,min,500000,500000,random,after,2,31.1724,10.4258,14290619282437651446,85300
gcc-assert,dst,min,500000,500000,random,after,3,31.2208,11.4079,14290619282437651446,85248
gcc-assert,dst,min,500000,500000,random,before,3,34.6795,10.1273,14290619282437651446,89268
gcc-assert,dst,min,500000,500000,random,before,4,32.4135,10.0384,14290619282437651446,89268
gcc-assert,dst,min,500000,500000,random,after,4,30.3031,11.0796,14290619282437651446,85304
gcc-assert,dst,min,500000,500000,random,after,5,30.7268,12.3468,14290619282437651446,85200
gcc-assert,dst,min,500000,500000,random,before,5,33.2596,10.3549,14290619282437651446,89156
gcc-assert,dst,affine,500000,500000,random,before,0,56.2746,14.1058,11025557265200150944,175100
gcc-assert,dst,affine,500000,500000,random,after,0,52.8863,15.6609,11025557265200150944,167384
gcc-assert,dst,affine,500000,500000,random,after,1,51.8099,13.2918,11025557265200150944,167392
gcc-assert,dst,affine,500000,500000,random,before,1,48.3455,11.7297,11025557265200150944,175104
gcc-assert,dst,affine,500000,500000,random,before,2,42.2009,10.683,11025557265200150944,175120
gcc-assert,dst,affine,500000,500000,random,after,2,41.3345,11.8537,11025557265200150944,167288
gcc-assert,dst,affine,500000,500000,random,after,3,41.2726,11.1884,11025557265200150944,167356
gcc-assert,dst,affine,500000,500000,random,before,3,43.9443,10.9434,11025557265200150944,175076
gcc-assert,dst,affine,500000,500000,random,before,4,42.194,10.6873,11025557265200150944,175088
gcc-assert,dst,affine,500000,500000,random,after,4,41.4682,11.1804,11025557265200150944,167388
gcc-assert,dst,affine,500000,500000,random,after,5,41.198,11.4699,11025557265200150944,167352
gcc-assert,dst,affine,500000,500000,random,before,5,43.436,12.6007,11025557265200150944,175076
gcc-assert,linear,min,524289,500000,random,before,0,7.2339,18.8717,13671779831198670799,20792
gcc-assert,linear,min,524289,500000,random,after,0,6.54845,15.0251,13671779831198670799,19496
gcc-assert,linear,min,524289,500000,random,after,1,6.47492,15.4015,13671779831198670799,19520
gcc-assert,linear,min,524289,500000,random,before,1,7.49626,17.8309,13671779831198670799,20804
gcc-assert,linear,min,524289,500000,random,before,2,6.95682,17.1523,13671779831198670799,20916
gcc-assert,linear,min,524289,500000,random,after,2,6.42528,16.9765,13671779831198670799,19500
gcc-assert,linear,min,524289,500000,random,after,3,6.68744,18.6667,13671779831198670799,19532
gcc-assert,linear,min,524289,500000,random,before,3,7.12075,18.6915,13671779831198670799,20728
gcc-assert,linear,min,524289,500000,random,before,4,7.01002,17.7911,13671779831198670799,20728
gcc-assert,linear,min,524289,500000,random,after,4,6.31061,15.1657,13671779831198670799,19568
gcc-assert,linear,min,524289,500000,random,after,5,6.53883,14.8249,13671779831198670799,19420
gcc-assert,linear,min,524289,500000,random,before,5,7.07367,18.3443,13671779831198670799,20748
gcc-assert,sqrt,min,524289,500000,random,before,0,32.652,8.15019,5432412596779352430,146452
gcc-assert,sqrt,min,524289,500000,random,after,0,16.6709,9.57783,5432412596779352430,80832
gcc-assert,sqrt,min,524289,500000,random,after,1,16.4651,8.20059,5432412596779352430,80828
gcc-assert,sqrt,min,524289,500000,random,before,1,34.2438,8.1064,5432412596779352430,146456
gcc-assert,sqrt,min,524289,500000,random,before,2,32.0578,7.83522,5432412596779352430,146460
gcc-assert,sqrt,min,524289,500000,random,after,2,15.6838,7.02639,5432412596779352430,80944
gcc-assert,sqrt,min,524289,500000,random,after,3,15.938,7.62051,5432412596779352430,80840
gcc-assert,sqrt,min,524289,500000,random,before,3,30.4925,7.2492,5432412596779352430,146448
gcc-assert,sqrt,min,524289,500000,random,before,4,57.1411,7.06806,5432412596779352430,146428
gcc-assert,sqrt,min,524289,500000,random,after,4,15.2045,7.0682,5432412596779352430,80968
gcc-assert,sqrt,min,524289,500000,random,after,5,15.1816,6.95153,5432412596779352430,80868
gcc-assert,sqrt,min,524289,500000,random,before,5,30.2401,7.16679,5432412596779352430,146420
gcc-assert,sqrt,affine,524289,500000,random,before,0,94.3009,14.8678,11860631975963514010,289672
gcc-assert,sqrt,affine,524289,500000,random,after,0,30.1405,15.484,11860631975963514010,158616
gcc-assert,sqrt,affine,524289,500000,random,after,1,29.604,13.7195,11860631975963514010,158584
gcc-assert,sqrt,affine,524289,500000,random,before,1,60.9278,14.3302,11860631975963514010,289836
gcc-assert,sqrt,affine,524289,500000,random,before,2,64.0004,14.0551,11860631975963514010,289840
gcc-assert,sqrt,affine,524289,500000,random,after,2,33.4711,15.9807,11860631975963514010,158564
gcc-assert,sqrt,affine,524289,500000,random,after,3,32.5983,16.7267,11860631975963514010,158448
gcc-assert,sqrt,affine,524289,500000,random,before,3,122.777,44.3466,11860631975963514010,289760
gcc-assert,sqrt,affine,524289,500000,random,before,4,129.429,42.0352,11860631975963514010,289856
gcc-assert,sqrt,affine,524289,500000,random,after,4,45.7472,21.6779,11860631975963514010,158616
gcc-assert,sqrt,affine,524289,500000,random,after,5,61.7037,39.7323,11860631975963514010,158512
gcc-assert,sqrt,affine,524289,500000,random,before,5,106.152,17.192,11860631975963514010,289808
gcc-assert,dst,min,524289,500000,random,before,0,61.3481,16.0176,5432412596779352430,97152
gcc-assert,dst,min,524289,500000,random,after,0,68.3479,16.3092,5432412596779352430,93280
gcc-assert,dst,min,524289,500000,random,after,1,35.0794,18.7561,5432412596779352430,93264
gcc-assert,dst,min,524289,500000,random,before,1,56.4476,14.5176,5432412596779352430,97376
gcc-assert,dst,min,524289,500000,random,before,2,36.2015,8.48016,5432412596779352430,97176
gcc-assert,dst,min,524289,500000,random,after,2,31.368,8.37452,5432412596779352430,93232
gcc-assert,dst,min,524289,500000,random,after,3,33.2302,19.4205,5432412596779352430,93264
gcc-assert,dst,min,524289,500000,random,before,3,79.0294,21.6321,5432412596779352430,97248
gcc-assert,dst,min,524289,500000,random,before,4,41.5189,9.78382,5432412596779352430,97172
gcc-assert,dst,min,524289,500000,random,after,4,34.087,10.1087,5432412596779352430,93244
gcc-assert,dst,min,524289,500000,random,after,5,62.3565,17.5723,5432412596779352430,93248
gcc-assert,dst,min,524289,500000,random,before,5,60.2965,9.6712,5432412596779352430,97180
gcc-assert,dst,affine,524289,500000,random,before,0,68.5706,15.5623,11860631975963514010,191432
gcc-assert,dst,affine,524289,500000,random,after,0,103.921,20.9647,11860631975963514010,183188
gcc-assert,dst,affine,524289,500000,random,after,1,53.0656,12.5392,11860631975963514010,183356
gcc-assert,dst,affine,524289,500000,random,before,1,104.962,22.0595,11860631975963514010,191604
gcc-assert,dst,affine,524289,500000,random,before,2,54.0008,11.5154,11860631975963514010,191428
gcc-assert,dst,affine,524289,500000,random,after,2,68.2171,23.6025,11860631975963514010,183240
gcc-assert,dst,affine,524289,500000,random,after,3,89.2917,13.6549,11860631975963514010,183228
gcc-assert,dst,affine,524289,500000,random,before,3,57.5122,12.4005,11860631975963514010,191484
gcc-assert,dst,affine,524289,500000,random,before,4,104.029,22.8664,11860631975963514010,191464
gcc-assert,dst,affine,524289,500000,random,after,4,78.5437,11.8413,11860631975963514010,183240
gcc-assert,dst,affine,524289,500000,random,after,5,91.8175,21.3621,11860631975963514010,183284
gcc-assert,dst,affine,524289,500000,random,before,5,74.5062,13.2268,11860631975963514010,191480
